{
    "121": {
        "A": {
            "label": "$\\alpha=\\pi/12$", 
            "num": "a", 
            "xlabel": "Speicherzeit $(\\mu s)$", 
            "ylabel": "$\\eta_L(t)$", 
            "y": "{\"0.0\":1.0,\"0.101010101\":0.9987835086,\"0.202020202\":0.995157712,\"0.303030303\":0.9891931822,\"0.404040404\":0.981006012,\"0.5050505051\":0.9707555554,\"0.6060606061\":0.9586413258,\"0.7070707071\":0.9448991129,\"0.8080808081\":0.9297963933,\"0.9090909091\":0.9136271243,\"1.0101010101\":0.8967060222,\"1.1111111111\":0.8793624371,\"1.2121212121\":0.8619339421,\"1.3131313131\":0.8447597631,\"1.4141414141\":0.8281741758,\"1.5151515152\":0.8125,\"1.6161616162\":0.7980423156,\"1.7171717172\":0.785082525,\"1.8181818182\":0.7738728757,\"1.9191919192\":0.7646315509,\"2.0202020202\":0.7575384224,\"2.1212121212\":0.7527315499,\"2.2222222222\":0.7503044937,\"2.3232323232\":0.7503044937,\"2.4242424242\":0.7527315499,\"2.5252525253\":0.7575384224,\"2.6262626263\":0.7646315509,\"2.7272727273\":0.7738728757,\"2.8282828283\":0.785082525,\"2.9292929293\":0.7980423156,\"3.0303030303\":0.8125,\"3.1313131313\":0.8281741758,\"3.2323232323\":0.8447597631,\"3.3333333333\":0.8619339421,\"3.4343434343\":0.8793624371,\"3.5353535354\":0.8967060222,\"3.6363636364\":0.9136271243,\"3.7373737374\":0.9297963933,\"3.8383838384\":0.9448991129,\"3.9393939394\":0.9586413258,\"4.0404040404\":0.9707555554,\"4.1414141414\":0.981006012,\"4.2424242424\":0.9891931822,\"4.3434343434\":0.995157712,\"4.4444444444\":0.9987835086,\"4.5454545455\":1.0,\"4.6464646465\":0.9987835086,\"4.7474747475\":0.995157712,\"4.8484848485\":0.9891931822,\"4.9494949495\":0.981006012,\"5.0505050505\":0.9707555554,\"5.1515151515\":0.9586413258,\"5.2525252525\":0.9448991129,\"5.3535353535\":0.9297963933,\"5.4545454545\":0.9136271243,\"5.5555555556\":0.8967060222,\"5.6565656566\":0.8793624371,\"5.7575757576\":0.8619339421,\"5.8585858586\":0.8447597631,\"5.9595959596\":0.8281741758,\"6.0606060606\":0.8125,\"6.1616161616\":0.7980423156,\"6.2626262626\":0.785082525,\"6.3636363636\":0.7738728757,\"6.4646464646\":0.7646315509,\"6.5656565657\":0.7575384224,\"6.6666666667\":0.7527315499,\"6.7676767677\":0.7503044937,\"6.8686868687\":0.7503044937,\"6.9696969697\":0.7527315499,\"7.0707070707\":0.7575384224,\"7.1717171717\":0.7646315509,\"7.2727272727\":0.7738728757,\"7.3737373737\":0.785082525,\"7.4747474747\":0.7980423156,\"7.5757575758\":0.8125,\"7.6767676768\":0.8281741758,\"7.7777777778\":0.8447597631,\"7.8787878788\":0.8619339421,\"7.9797979798\":0.8793624371,\"8.0808080808\":0.8967060222,\"8.1818181818\":0.9136271243,\"8.2828282828\":0.9297963933,\"8.3838383838\":0.9448991129,\"8.4848484848\":0.9586413258,\"8.5858585859\":0.9707555554,\"8.6868686869\":0.981006012,\"8.7878787879\":0.9891931822,\"8.8888888889\":0.995157712,\"8.9898989899\":0.9987835086,\"9.0909090909\":1.0,\"9.1919191919\":0.9987835086,\"9.2929292929\":0.995157712,\"9.3939393939\":0.9891931822,\"9.4949494949\":0.981006012,\"9.595959596\":0.9707555554,\"9.696969697\":0.9586413258,\"9.797979798\":0.9448991129,\"9.898989899\":0.9297963933,\"10.0\":0.9136271243}", 
            "type": "plot", 
            "ylim": [
                0, 
                1.2
            ]
        }, 
        "B": {
            "y": "{\"0.0\":1.0,\"0.101010101\":0.9963505258,\"0.202020202\":0.985473136,\"0.303030303\":0.9675795466,\"0.404040404\":0.9430180361,\"0.5050505051\":0.9122666662,\"0.6060606061\":0.8759239774,\"0.7070707071\":0.8346973388,\"0.8080808081\":0.78938918,\"0.9090909091\":0.7408813729,\"1.0101010101\":0.6901180666,\"1.1111111111\":0.6380873113,\"1.2121212121\":0.5858018263,\"1.3131313131\":0.5342792892,\"1.4141414141\":0.4845225275,\"1.5151515152\":0.4375,\"1.6161616162\":0.3941269468,\"1.7171717172\":0.3552475749,\"1.8181818182\":0.3216186271,\"1.9191919192\":0.2938946527,\"2.0202020202\":0.2726152672,\"2.1212121212\":0.2581946497,\"2.2222222222\":0.2509134812,\"2.3232323232\":0.2509134812,\"2.4242424242\":0.2581946497,\"2.5252525253\":0.2726152672,\"2.6262626263\":0.2938946527,\"2.7272727273\":0.3216186271,\"2.8282828283\":0.3552475749,\"2.9292929293\":0.3941269468,\"3.0303030303\":0.4375,\"3.1313131313\":0.4845225275,\"3.2323232323\":0.5342792892,\"3.3333333333\":0.5858018263,\"3.4343434343\":0.6380873113,\"3.5353535354\":0.6901180666,\"3.6363636364\":0.7408813729,\"3.7373737374\":0.78938918,\"3.8383838384\":0.8346973388,\"3.9393939394\":0.8759239774,\"4.0404040404\":0.9122666662,\"4.1414141414\":0.9430180361,\"4.2424242424\":0.9675795466,\"4.3434343434\":0.985473136,\"4.4444444444\":0.9963505258,\"4.5454545455\":1.0,\"4.6464646465\":0.9963505258,\"4.7474747475\":0.985473136,\"4.8484848485\":0.9675795466,\"4.9494949495\":0.9430180361,\"5.0505050505\":0.9122666662,\"5.1515151515\":0.8759239774,\"5.2525252525\":0.8346973388,\"5.3535353535\":0.78938918,\"5.4545454545\":0.7408813729,\"5.5555555556\":0.6901180666,\"5.6565656566\":0.6380873113,\"5.7575757576\":0.5858018263,\"5.8585858586\":0.5342792892,\"5.9595959596\":0.4845225275,\"6.0606060606\":0.4375,\"6.1616161616\":0.3941269468,\"6.2626262626\":0.3552475749,\"6.3636363636\":0.3216186271,\"6.4646464646\":0.2938946527,\"6.5656565657\":0.2726152672,\"6.6666666667\":0.2581946497,\"6.7676767677\":0.2509134812,\"6.8686868687\":0.2509134812,\"6.9696969697\":0.2581946497,\"7.0707070707\":0.2726152672,\"7.1717171717\":0.2938946527,\"7.2727272727\":0.3216186271,\"7.3737373737\":0.3552475749,\"7.4747474747\":0.3941269468,\"7.5757575758\":0.4375,\"7.6767676768\":0.4845225275,\"7.7777777778\":0.5342792892,\"7.8787878788\":0.5858018263,\"7.9797979798\":0.6380873113,\"8.0808080808\":0.6901180666,\"8.1818181818\":0.7408813729,\"8.2828282828\":0.78938918,\"8.3838383838\":0.8346973388,\"8.4848484848\":0.8759239774,\"8.5858585859\":0.9122666662,\"8.6868686869\":0.9430180361,\"8.7878787879\":0.9675795466,\"8.8888888889\":0.985473136,\"8.9898989899\":0.9963505258,\"9.0909090909\":1.0,\"9.1919191919\":0.9963505258,\"9.2929292929\":0.985473136,\"9.3939393939\":0.9675795466,\"9.4949494949\":0.9430180361,\"9.595959596\":0.9122666662,\"9.696969697\":0.8759239774,\"9.797979798\":0.8346973388,\"9.898989899\":0.78938918,\"10.0\":0.7408813729}", 
            "type": "plot", 
            "label": "$\\alpha=\\pi/6$"
        }
    }, 
    "122": {
        "A": {
            "label": "$\\alpha=\\pi/12$", 
            "num": "b", 
            "xlabel": "Speicherzeit $(\\mu s)$", 
            "ylabel": "$\\Delta\\varphi_{\\mathrm{mol}}$",