{
    "121": {
        "A": {
            "num": "a", 
            "xlabel": "$\\Delta_s/ \\Gamma_3$", 
            "xlim": [
                1.6, 
                4.2
            ], 
            "ylabel": "$\\Delta \\varphi$ (rad)", 
            "y": "{\"1.7480664734\":4.1552390596,\"1.8020935699\":4.0099578136,\"1.8564274057\":3.8694259465,\"1.9110464447\":3.733597065,\"1.9659309027\":3.6024047241,\"2.021062599\":3.47576662,\"2.0764248197\":3.3535880894,\"2.1320021909\":3.2357650199,\"2.1877805624\":3.1221862625,\"2.2437469012\":3.0127356257,\"2.2998891942\":2.9072935191,\"2.3561963591\":2.8057383032,\"2.412658164\":2.7079473949,\"2.4692651535\":2.6137981685,\"2.5260085819\":2.5231686883,\"2.5828803526\":2.4359382986,\"2.6398729628\":2.3519880976,\"2.6969794535\":2.2712013131,\"2.7541933638\":2.1934635982,\"2.8115086898\":2.1186632585,\"2.8689198468\":2.0466914244,\"2.9264216355\":1.9774421769,\"2.9840092105\":1.9108126342,\"3.0416780522\":1.8467030076,\"3.0994239411\":1.7850166294,\"3.1572429344\":1.7256599602,\"3.2151313442\":1.6685425777,\"3.2730857187\":1.6135771502,\"3.3311028234\":1.5606793988,\"3.3891796256\":1.5097680488,\"3.4473132791\":1.460764774,\"3.5055011104\":1.4135941337,\"3.5637406067\":1.3681835058,\"3.6220294038\":1.3244630147,\"3.6803652758\":1.2823654576,\"3.7387461257\":1.241826228,\"3.7971699758\":1.2027832382,\"3.8556349604\":1.1651768405,\"3.9141393174\":1.1289497491,\"3.9726813817\":1.0940469614}", 
            "margin": [
                0.1, 
                0.2
            ], 
            "type": "plot", 
            "ylim": [
                1, 
                4.8
            ], 
            "label": "Num. Integration"
        }, 
        "C": {
            "y": 3.141592653589793, 
            "type": "axh"
        }, 
        "B": {
            "y": "{\"1.7480664734\":3.729904816,\"1.8020935699\":3.606916309,\"1.8564274057\":3.4878892931,\"1.9110464447\":3.372774494,\"1.9659309027\":3.2615077418,\"2.021062599\":3.154013283,\"2.0764248197\":3.0502065257,\"2.1320021909\":2.9499963033,\"2.1877805624\":2.8532867358,\"2.2437469012\":2.7599787534,\"2.2998891942\":2.6699713391,\"2.3561963591\":2.5831625372,\"2.412658164\":2.4994502688,\"2.4692651535\":2.4187329873,\"2.5260085819\":2.3409102011,\"2.5828803526\":2.2658828877,\"2.6398729628\":2.1935538185,\"2.6969794535\":2.1238278092,\"2.7541933638\":2.0566119101,\"2.8115086898\":1.9918155465,\"2.8689198468\":1.9293506181,\"2.9264216355\":1.8691315657,\"2.9840092105\":1.8110754104,\"3.0416780522\":1.7551017698,\"3.0994239411\":1.7011328575,\"3.1572429344\":1.649093467,\"3.2151313442\":1.598910944,\"3.2730857187\":1.5505151498,\"3.3311028234\":1.5038384161,\"3.3891796256\":1.4588154949,\"3.4473132791\":1.4153835033,\"3.5055011104\":1.3734818651,\"3.5637406067\":1.3330522494,\"3.6220294038\":1.2940385083,\"3.6803652758\":1.256386612,\"3.7387461257\":1.220044585,\"3.7971699758\":1.1849624408,\"3.8556349604\":1.1510921171,\"3.9141393174\":1.1183874118,\"3.9726813817\":1.0868039197}", 
            "type": "plot", 
            "label": "N\"aherung"
        }
    }, 
    "122": {
        "A": {
            "type": "plot", 
            "num": "b", 
            "xlabel": "$\\Delta_s/ \\Gamma_3$", 
            "ylabel": "Transmission", 
            "y": "{\"1.7480664734\":0.0684553505,\"1.8020935699\":0.0793000661,\"1.8564274057\":0.0908800601,\"1.9110464447\":0.1031319904,\"1.9659309027\":0.1159877323,\"2.021062599\":0.1293764281,\"2.0764248197\":0.1432262825,\"2.1320021909\":0.1574660801,\"2.1877805624\":0.172026423,\"2.2437469012\":0.1868407038,\"2.2998891942\":0.2018458328,\"2.3561963591\":0.216982752,\"2.412658164\":0.2321967626,\"2.4692651535\":0.2474376981,\"2.5260085819\":0.2626599719,\"2.5828803526\":0.2778225244,\"2.6398729628\":0.2928886942,\"2.6969794535\":0.3078260318,\"2.7541933638\":0.3226060743,\"2.8115086898\":0.3372040932,\"2.8689198468\":0.351598828,\"2.9264216355\":0.3657722144,\"2.9840092105\":0.3797091119,\"3.0416780522\":0.3933970397,\"3.0994239411\":0.4068259211,\"3.1572429344\":0.419987841,\"3.2151313442\":0.432876818,\"3.2730857187\":0.4454885914,\"3.3311028234\":0.4578204244,\"3.3891796256\":0.4698709229,\"3.4473132791\":0.4816398695,\"3.5055011104\":0.4931280724,\"3.5637406067\":0.504337229,\"3.6220294038\":0.5152698022,\"3.6803652758\":0.5259289091,\"3.7387461257\":0.5363182218,\"3.7971699758\":0.5464418784,\"3.8556349604\":0.5563044037,\"3.9141393174\":0.5659106393,\"3.9726813817\":0.575265681}", 
            "margin": [
                0.1, 
                0.1
            ]
        }
    }
}