{
    "121": {
        "A": {
            "num": "a", 
            "xlabel": "$\\Delta_s/ \\Gamma_3$", 
            "xlim": [
                -4.2, 
                -1.6
            ], 
            "ylabel": "$\\Delta \\varphi$ (rad)", 
            "y": "{\"-1.244471941\":5.8214767108,\"-1.3273317376\":5.5162973878,\"-1.4119028061\":5.2194855393,\"-1.4979808196\":4.9332279338,\"-1.5853863082\":4.6589371785,\"-1.6739626112\":4.3974350261,\"-1.7635735346\":4.1491030842,\"-1.8541009642\":3.9140021757,\"-1.945442588\":3.6919644148,\"-2.0375098052\":3.4826628908,\"-2.1302258565\":3.28566366,\"-2.223524181\":3.1004641095,\"-2.3173469888\":2.926521006,\"-2.4116440299\":2.7632708288,\"-2.50637154\":2.6101443792,\"-2.6014913374\":2.466577164,\"-2.6969700529\":2.3320166704,\"-2.7927784722\":2.2059273559,\"-2.8888909738\":2.0877939616,\"-2.9852850487\":1.9771235946,\"-3.081940888\":1.8734469088,\"-3.1788410297\":1.7763186245,\"-3.2759700533\":1.6853175667,\"-3.3733143168\":1.6000463545,\"-3.4708617285\":1.5201308401,\"-3.5686015483\":1.4452193724,\"-3.6665242155\":1.3749819408,\"-3.7646211971\":1.3091092402,\"-3.8628848557\":1.2473116918,\"-3.9613083328\":1.1893184414,\"-4.0598854462\":1.1348763545,\"-4.1586106003\":1.0837490229,\"-4.2574787055\":1.0357157909,\"-4.3564851085\":0.9905708111,\"-4.4556255297\":0.9481221335,\"-4.5548960087\":0.9081908316,\"-4.6542928559\":0.8706101693,\"-4.7538126105\":0.8352248079,\"-4.8534520035\":0.801890055,\"-4.9532079252\":0.7704711551}", 
            "margin": [
                0.1, 
                0.2
            ], 
            "type": "plot", 
            "ylim": [
                1, 
                6
            ], 
            "label": "Numerisch"
        }, 
        "C": {
            "y": 3.141592653589793, 
            "type": "axh"
        }, 
        "B": {
            "y": "{\"-1.244471941\":5.3371642331,\"-1.3273317376\":5.046533461,\"-1.4119028061\":4.7689033806,\"-1.4979808196\":4.5049774405,\"-1.5853863082\":4.2549969772,\"-1.6739626112\":4.0188752428,\"-1.7635735346\":3.7963007174,\"-1.8541009642\":3.5868143219,\"-1.945442588\":3.3898657211,\"-2.0375098052\":3.2048535291,\"-2.1302258565\":3.0311534671,\"-2.223524181\":2.8681376969,\"-2.3173469888\":2.7151877957,\"-2.4116440299\":2.5717032098,\"-2.50637154\":2.4371065318,\"-2.6014913374\":2.310846569,\"-2.6969700529\":2.1923998929,\"-2.7927784722\":2.081271357,\"-2.8888909738\":1.9769939241,\"-2.9852850487\":1.8791280393,\"-3.081940888\":1.7872607153,\"-3.1788410297\":1.701004441,\"-3.2759700533\":1.6199959925,\"-3.3733143168\":1.5438951988,\"-3.4708617285\":1.4723836969,\"-3.5686015483\":1.4051637022,\"-3.6665242155\":1.3419568078,\"-3.7646211971\":1.2825028245,\"-3.8628848557\":1.2265586666,\"-3.9613083328\":1.1738972884,\"-4.0598854462\":1.1243066717,\"-4.1586106003\":1.0775888665,\"-4.2574787055\":1.033559083,\"-4.3564851085\":0.9920448352,\"-4.4556255297\":0.9528851339,\"-4.5548960087\":0.9159297279,\"-4.6542928559\":0.8810383912,\"-4.7538126105\":0.8480802543,\"-4.8534520035\":0.8169331778,\"-4.9532079252\":0.7874831659}", 
            "type": "plot", 
            "label": "N\"aherung"
        }
    }, 
    "122": {
        "A": {
            "xlim": [
                -4.2, 
                -1.6
            ], 
            "num": "b", 
            "xlabel": "$\\Delta_s/ \\Gamma_3$", 
            "ylabel": "Transmission", 
            "y": "{\"-1.244471941\":0.0296605183,\"-1.3273317376\":0.0427843583,\"-1.4119028061\":0.0587361892,\"-1.4979808196\":0.0773005002,\"-1.5853863082\":0.0981389016,\"-1.6739626112\":0.1208420619,\"-1.7635735346\":0.1449761121,\"-1.8541009642\":0.1701182384,\"-1.945442588\":0.1958803859,\"-2.0375098052\":0.2219224728,\"-2.1302258565\":0.2479575384,\"-2.223524181\":0.2737513463,\"-2.3173469888\":0.29911858,\"-2.4116440299\":0.3239172828,\"-2.50637154\":0.3480426297,\"-2.6014913374\":0.3714207698,\"-2.6969700529\":0.3940031268,\"-2.7927784722\":0.4157613697,\"-2.8888909738\":0.4366830966,\"-2.9852850487\":0.4567682273,\"-3.081940888\":0.4760260385,\"-3.1788410297\":0.4944727631,\"-3.2759700533\":0.5121296706,\"-3.3733143168\":0.5290215477,\"-3.4708617285\":0.5451755094,\"-3.5686015483\":0.5606200762,\"-3.6665242155\":0.5753844669,\"-3.7646211971\":0.5894980616,\"-3.8628848557\":0.6029900007,\"-3.9613083328\":0.6158888897,\"-4.0598854462\":0.6282225877,\"-4.1586106003\":0.6400180595,\"-4.2574787055\":0.6513012787,\"-4.3564851085\":0.6620971682,\"-4.4556255297\":0.67242957,\"-4.5548960087\":0.6823212368,\"-4.6542928559\":0.6917938404,\"-4.7538126105\":0.7008679911,\"-4.8534520035\":0.7095632661,\"-4.9532079252\":0.7178982442}", 
            "type": "plot", 
            "ylim": [
                0.0, 
                0.9
            ]
        }, 
        "C": {
            "y": -1, 
            "type": "axh"
        }, 
        "B": {
            "y": "{\"-1.244471941\":0.0067347247,\"-1.3273317376\":0.0113509583,\"-1.4119028061\":0.017890901,\"-1.4979808196\":0.0266059542,\"-1.5853863082\":0.037629135,\"-1.6739626112\":0.0509681951,\"-1.7635735346\":0.0665168836,\"-1.8541009642\":0.0840778625,\"-1.945442588\":0.1033905141,\"-2.0375098052\":0.1241583277,\"-2.1302258565\":0.1460725587,\"-2.223524181\":0.1688306568,\"-2.3173469888\":0.1921492661,\"-2.4116440299\":0.2157723656,\"-2.50637154\":0.2394754681,\"-2.6014913374\":0.2630668649,\"-2.6969700529\":0.2863868152,\"-2.7927784722\":0.3093054222,\"-2.8888909738\":0.3317197679,\"-2.9852850487\":0.3535507192,\"-3.081940888\":0.3747396893,\"-3.1788410297\":0.3952455357,\"-3.2759700533\":0.4150417001,\"-3.3733143168\":0.4341136452,\"-3.4708617285\":0.4524566032,\"-3.5686015483\":0.4700736325,\"-3.6665242155\":0.4869739622,\"-3.7646211971\":0.5031715983,\"-3.8628848557\":0.5186841615,\"-3.9613083328\":0.5335319277,\"-4.0598854462\":0.5477370422,\"-4.1586106003\":0.5613228822,\"-4.2574787055\":0.5743135435,\"-4.3564851085\":0.5867334321,\"-4.4556255297\":0.5986069424,\"-4.5548960087\":0.6099582063,\"-4.6542928559\":0.620810902,\"-4.7538126105\":0.6311881101,\"-4.8534520035\":0.6411122089,\"-4.9532079252\":0.6506048012}", 
            "type": "plot"
        }
    }
}