{
    "121": {
        "A": {
            "num": "a", 
            "xlabel": "$\\Delta_s/ \\Gamma_3$", 
            "xlim": [
                -4.2, 
                -1.6
            ], 
            "ylabel": "$\\Delta \\varphi$ (rad)", 
            "y": "{\"-1.2432490905\":5.8051676652,\"-1.3260037764\":5.4976540679,\"-1.410459043\":5.1984759558,\"-1.4964098039\":4.9098293143,\"-1.5836757477\":4.6331344686,\"-1.6720992922\":4.3692196335,\"-1.7615432427\":4.1184718464,\"-1.8518884078\":3.8809565225,\"-1.9430313236\":3.6565096938,\"-2.034882165\":3.4448078279,\"-2.1273628787\":3.2454199286,\"-2.2204055427\":3.0578459867,\"-2.3139509423\":2.881545099,\"-2.4079473428\":2.7159558566,\"-2.502349439\":2.5605109988,\"-2.5971174572\":2.414647831,\"-2.6922163904\":2.2778155275,\"-2.7876153464\":2.1494801427,\"-2.8832869924\":2.0291279413,\"-2.9792070817\":1.9162674936,\"-3.0753540496\":1.8104308656,\"-3.1717086678\":1.7111741454,\"-3.2682537483\":1.6180774864,\"-3.3649738898\":1.5307447984,\"-3.4618552586\":1.4488031889,\"-3.5588854007\":1.3719022251,\"-3.6560530789\":1.2997130767,\"-3.7533481317\":1.2319275792,\"-3.8507613509\":1.1682572503,\"-3.9482843754\":1.1084322855,\"-4.0459095977\":1.0522005489,\"-4.1436300832\":0.9993265751,\"-4.2414394986\":0.9495905916,\"-4.3393320498\":0.9027875699,\"-4.4373024262\":0.8587263102,\"-4.5353457528\":0.8172285638,\"-4.6334575467\":0.778128196,\"-4.7316336795\":0.7412703903,\"-4.8298703431\":0.7065108941,\"-4.9281640199\":0.6737153075}", 
            "margin": [
                0.1, 
                0.2
            ], 
            "type": "plot", 
            "ylim": [
                1, 
                4.8
            ], 
            "label": "Num. Integration"
        }, 
        "C": {
            "y": 3.141592653589793, 
            "type": "axh"
        }, 
        "B": {
            "y": "{\"-1.2432490905\":5.3229234733,\"-1.3260037764\":5.0305407818,\"-1.410459043\":4.7511230202,\"-1.4964098039\":4.4853783181,\"-1.5836757477\":4.2335520494,\"-1.6720992922\":3.9955609657,\"-1.7615432427\":3.7710966084,\"-1.8518884078\":3.5597026083,\"-1.9430313236\":3.3608310636,\"-2.034882165\":3.1738828058,\"-2.1273628787\":2.9982356087,\"-2.2204055427\":2.8332635628,\"-2.3139509423\":2.6783500824,\"-2.4079473428\":2.5328963857,\"-2.502349439\":2.396326792,\"-2.5971174572\":2.2680918066,\"-2.6922163904\":2.1476696827,\"-2.7876153464\":2.034566948,\"-2.8832869924\":1.9283182382,\"-2.9792070817\":1.8284856755,\"-3.0753540496\":1.7346579554,\"-3.1717086678\":1.6464492566,\"-3.2682537483\":1.5634980516,\"-3.3649738898\":1.4854658701,\"-3.4618552586\":1.4120360524,\"-3.5588854007\":1.3429125147,\"-3.6560530789\":1.2778185454,\"-3.7533481317\":1.2164956388,\"-3.8507613509\":1.1587023758,\"-3.9482843754\":1.1042133543,\"-4.0459095977\":1.0528181703,\"-4.1436300832\":1.0043204517,\"-4.2414394986\":0.9585369443,\"-4.3393320498\":0.9152966483,\"-4.4373024262\":0.8744400051,\"-4.5353457528\":0.8358181322,\"-4.6334575467\":0.7992921048,\"-4.7316336795\":0.7647322811,\"-4.8298703431\":0.7320176716,\"-4.9281640199\":0.7010353477}", 
            "type": "plot", 
            "label": "N\"aherung"
        }
    }, 
    "122": {
        "A": {
            "xlim": [
                -4.2, 
                -1.6
            ], 
            "num": "b", 
            "xlabel": "$\\Delta_s/ \\Gamma_3$", 
            "ylabel": "Transmission", 
            "y": "{\"-1.2432490905\":0.0301049426,\"-1.3260037764\":0.0434214176,\"-1.410459043\":0.0595838375,\"-1.4964098039\":0.0784345217,\"-1.5836757477\":0.0995670585,\"-1.6720992922\":0.1225862161,\"-1.7615432427\":0.1470515083,\"-1.8518884078\":0.1725340008,\"-1.9430313236\":0.1986403089,\"-2.034882165\":0.2250259351,\"-2.1273628787\":0.2514004211,\"-2.2204055427\":0.2775268782,\"-2.3139509423\":0.303218083,\"-2.4079473428\":0.3283307792,\"-2.502349439\":0.3527593471,\"-2.5971174572\":0.3764295291,\"-2.6922163904\":0.3992926392,\"-2.7876153464\":0.4213204567,\"-2.8832869924\":0.4425008474,\"-2.9792070817\":0.4628341074,\"-3.0753540496\":0.4823299602,\"-3.1717086678\":0.5010051275,\"-3.2682537483\":0.518881388,\"-3.3649738898\":0.5359840431,\"-3.4618552586\":0.5523407161,\"-3.5588854007\":0.5679804227,\"-3.6560530789\":0.5829328581,\"-3.7533481317\":0.5972278574,\"-3.8507613509\":0.6108949922,\"-3.9482843754\":0.6239632752,\"-4.0459095977\":0.6364609479,\"-4.1436300832\":0.648415334,\"-4.2414394986\":0.6598527423,\"-4.3393320498\":0.6707984085,\"-4.4373024262\":0.6812764658,\"-4.5353457528\":0.6913099377,\"-4.6334575467\":0.7009207467,\"-4.7316336795\":0.7101297356,\"-4.8298703431\":0.7189566965,\"-4.9281640199\":0.7274204061}", 
            "type": "plot", 
            "ylim": [
                0.0, 
                0.9
            ]
        }, 
        "C": {
            "y": -1, 
            "type": "axh"
        }, 
        "B": {
            "y": "{\"-1.2432490905\":0.0071786488,\"-1.3260037764\":0.0121066496,\"-1.410459043\":0.0190923156,\"-1.4964098039\":0.0284060235,\"-1.5836757477\":0.0401915668,\"-1.6720992922\":0.0544585695,\"-1.7615432427\":0.0710943755,\"-1.8518884078\":0.0898884851,\"-1.9430313236\":0.1105622984,\"-2.034882165\":0.1327984603,\"-2.1273628787\":0.1562662462,\"-2.2204055427\":0.1806413597,\"-2.3139509423\":0.2056199203,\"-2.4079473428\":0.2309272384,\"-2.502349439\":0.2563223609,\"-2.5971174572\":0.2815994406,\"-2.6922163904\":0.3065868943,\"-2.7876153464\":0.3311451454,\"-2.8832869924\":0.3551635654,\"-2.9792070817\":0.3785570575,\"-3.0753540496\":0.4012625892,\"-3.1717086678\":0.4232358679,\"-3.2682537483\":0.444448274,\"-3.3649738898\":0.4648841107,\"-3.4618552586\":0.4845381878,\"-3.5588854007\":0.5034137352,\"-3.6560530789\":0.5215206243,\"-3.7533481317\":0.5388738705,\"-3.8507613509\":0.5554923841,\"-3.9482843754\":0.5713979383,\"-4.0459095977\":0.586614324,\"-4.1436300832\":0.6011666635,\"-4.2414394986\":0.6150808583,\"-4.3393320498\":0.6283831483,\"-4.4373024262\":0.6410997652,\"-4.5353457528\":0.6532566623,\"-4.6334575467\":0.6648793072,\"-4.7316336795\":0.6759925264,\"-4.8298703431\":0.6866203924,\"-4.9281640199\":0.6967861434}", 
            "type": "plot"
        }
    }
}