{
    "121": {
        "A": {
            "num": "a", 
            "xlabel": "$\\Delta_s/ \\Gamma_3$", 
            "xlim": [
                1.6, 
                4.2
            ], 
            "ylabel": "$\\Delta \\varphi$ (rad)", 
            "y": "{\"1.7480664734\":4.1552390596,\"1.8246966683\":3.9508278398,\"1.901924326\":3.7559112186,\"1.9796913251\":3.5703217492,\"2.0579461076\":3.3938250188,\"2.1366428983\":3.2261395885,\"2.2157410096\":3.0669523409,\"2.2952042256\":2.915930217,\"2.3750002608\":2.7727291398,\"2.4551002849\":2.6370007536,\"2.5354785074\":2.5083974771,\"2.6161118147\":2.3865762559,\"2.6969794535\":2.2712013131,\"2.7780627544\":2.1619461308,\"2.8593448909\":2.0584948383,\"2.9408106687\":1.960543145,\"3.0224463417\":1.867798924,\"3.1042394509\":1.7799825261,\"3.1861786833\":1.6968268884,\"3.2682537483\":1.6180774864,\"3.3504552687\":1.5434921656,\"3.4327746849\":1.472840885,\"3.5152041709\":1.4059053934,\"3.5977365594\":1.3424788576,\"3.6803652758\":1.2823654576,\"3.7630842804\":1.2253799585,\"3.8458880158\":1.1713472699,\"3.9287713614\":1.1201019982,\"4.0117295921\":1.0714879993,\"4.0947583417\":1.025357934,\"4.1778535702\":0.9815728314,\"4.2610115346\":0.9400016622,\"4.3442287625\":0.9005209228,\"4.4275020286\":0.8630142346,\"4.5108283336\":0.8273719559,\"4.5942048848\":0.7934908105,\"4.6776290794\":0.7612735311,\"4.7610984882\":0.7306285185,\"4.8446108424\":0.7014695175,\"4.9281640199\":0.6737153075}", 
            "margin": [
                0.1, 
                0.2
            ], 
            "type": "plot", 
            "ylim": [
                1, 
                4.8
            ], 
            "label": "Num. Integration"
        }, 
        "C": {
            "y": 3.141592653589793, 
            "type": "axh"
        }, 
        "B": {
            "y": "{\"1.7480664734\":3.8039206075,\"1.8246966683\":3.6217797266,\"1.901924326\":3.4488111089,\"1.9796913251\":3.2846555374,\"2.0579461076\":3.1289360377,\"2.1366428983\":2.981268303,\"2.2157410096\":2.8412682098,\"2.2952042256\":2.7085571415,\"2.3750002608\":2.5827656753,\"2.4551002849\":2.4635360574,\"2.5354785074\":2.3505237871,\"2.6161118147\":2.2433985518,\"2.6969794535\":2.141844692,\"2.7780627544\":2.0455613298,\"2.8593448909\":1.9542622592,\"2.9408106687\":1.8676756696,\"3.0224463417\":1.7855437566,\"3.1042394509\":1.7076222569,\"3.1861786833\":1.6336799365,\"3.2682537483\":1.5634980516,\"3.3504552687\":1.4968697968,\"3.4327746849\":1.4335997516,\"3.5152041709\":1.3735033318,\"3.5977365594\":1.3164062507,\"3.6803652758\":1.2621439957,\"3.7630842804\":1.2105613197,\"3.8458880158\":1.161511752,\"3.9287713614\":1.1148571267,\"4.0117295921\":1.070467132,\"4.0947583417\":1.0282188783,\"4.1778535702\":0.9879964861,\"4.2610115346\":0.9496906938,\"4.3442287625\":0.913198484,\"4.4275020286\":0.8784227285,\"4.5108283336\":0.8452718519,\"4.5942048848\":0.8136595118,\"4.6776290794\":0.7835042967,\"4.7610984882\":0.7547294398,\"4.8446108424\":0.7272625483,\"4.9281640199\":0.7010353477}", 
            "type": "plot", 
            "label": "N\"aherung"
        }
    }, 
    "122": {
        "A": {
            "type": "plot", 
            "num": "b", 
            "xlabel": "$\\Delta_s/ \\Gamma_3$", 
            "ylabel": "Transmission", 
            "y": "{\"1.7480664734\":0.1433066979,\"1.8246966683\":0.1648067179,\"1.901924326\":0.1868385263,\"1.9796913251\":0.2091785331,\"2.0579461076\":0.2316307489,\"2.1366428983\":0.2540276897,\"2.2157410096\":0.2762295248,\"2.2952042256\":0.2981221215,\"2.3750002608\":0.3196144716,\"2.4551002849\":0.3406358846,\"2.5354785074\":0.3611331551,\"2.6161118147\":0.3810678847,\"2.6969794535\":0.4004140277,\"2.7780627544\":0.4191557173,\"2.8593448909\":0.4372853619,\"2.9408106687\":0.4548020172,\"3.0224463417\":0.4717100082,\"3.1042394509\":0.4880177741,\"3.1861786833\":0.5037369119,\"3.2682537483\":0.518881388,\"3.3504552687\":0.5334668959,\"3.4327746849\":0.5475103346,\"3.5152041709\":0.5610293893,\"3.5977365594\":0.5740421969,\"3.6803652758\":0.5865670803,\"3.7630842804\":0.5986223409,\"3.8458880158\":0.6102260965,\"3.9287713614\":0.6213961587,\"4.0117295921\":0.6321499393,\"4.0947583417\":0.6425043828,\"4.1778535702\":0.6524759183,\"4.2610115346\":0.6620804267,\"4.3442287625\":0.6713332212,\"4.4275020286\":0.6802490376,\"4.5108283336\":0.688842032,\"4.5942048848\":0.6971257848,\"4.6776290794\":0.7051133091,\"4.7610984882\":0.7128170632,\"4.8446108424\":0.7202489644,\"4.9281640199\":0.7274204061}", 
            "margin": [
                0.1, 
                0.1
            ]
        }, 
        "B": {
            "y": "{\"1.7480664734\":0.0684553505,\"1.8246966683\":0.0840392076,\"1.901924326\":0.1010461867,\"1.9796913251\":0.119287743,\"2.0579461076\":0.1385628473,\"2.1366428983\":0.1586681384,\"2.2157410096\":0.1794058537,\"2.2952042256\":0.2005895853,\"2.3750002608\":0.2220480947,\"2.4551002849\":0.2436275111,\"2.5354785074\":0.2651922549,\"2.6161118147\":0.2866250111,\"2.6969794535\":0.3078260318,\"2.7780627544\":0.328711999,\"2.8593448909\":0.3492146268,\"2.9408106687\":0.3692791405,\"3.0224463417\":0.3888627292,\"3.1042394509\":0.4079330389,\"3.1861786833\":0.4264667516,\"3.2682537483\":0.444448274,\"3.3504552687\":0.4618685501,\"3.4327746849\":0.4787240003,\"3.5152041709\":0.4950155857,\"3.5977365594\":0.5107479896,\"3.6803652758\":0.5259289091,\"3.7630842804\":0.5405684449,\"3.8458880158\":0.5546785816,\"3.9287713614\":0.5682727453,\"4.0117295921\":0.5813654316,\"4.0947583417\":0.5939718933,\"4.1778535702\":0.6061078808,\"4.2610115346\":0.6177894272,\"4.3442287625\":0.6290326716,\"4.4275020286\":0.6398537159,\"4.5108283336\":0.6502685091,\"4.5942048848\":0.6602927547,\"4.6776290794\":0.6699418389,\"4.7610984882\":0.6792307743,\"4.8446108424\":0.6881741585,\"4.9281640199\":0.6967861434}", 
            "margin": [
                0.1, 
                0.1
            ], 
            "type": "plot"
        }
    }
}