{
    "121": {
        "A": {
            "y": "{\"0.0\":0.0,\"0.0222222222\":-0.0501041425,\"0.0444444444\":-0.1002082851,\"0.0666666667\":-0.1503124276,\"0.0888888889\":-0.2004165702,\"0.1111111111\":-0.2505207127,\"0.1333333333\":-0.3006248553,\"0.1555555556\":-0.3507289978,\"0.1777777778\":-0.4008331404,\"0.2\":-0.4509372829,\"0.2222222222\":-0.5010414255,\"0.2444444444\":-0.551145568,\"0.2666666667\":-0.6012497106,\"0.2888888889\":-0.6513538531,\"0.3111111111\":-0.7014579957,\"0.3333333333\":-0.7515621382,\"0.3555555556\":-0.8016662808,\"0.3777777778\":-0.8517704233,\"0.4\":-0.9018745659,\"0.4222222222\":-0.9519787084,\"0.4444444444\":-1.002082851,\"0.4666666667\":-1.0521869935,\"0.4888888889\":-1.1022911361,\"0.5111111111\":-1.1523952786,\"0.5333333333\":-1.2024994212,\"0.5555555556\":-1.2526035637,\"0.5777777778\":-1.3027077063,\"0.6\":-1.3528118488,\"0.6222222222\":-1.4029159914,\"0.6444444444\":-1.4530201339,\"0.6666666667\":-1.5031242765,\"0.6888888889\":-1.553228419,\"0.7111111111\":-1.6033325616,\"0.7333333333\":-1.6534367041,\"0.7555555556\":-1.7035408467,\"0.7777777778\":-1.7536449892,\"0.8\":-1.8037491318,\"0.8222222222\":-1.8538532743,\"0.8444444444\":-1.9039574169,\"0.8666666667\":-1.9540615594,\"0.8888888889\":-2.004165702,\"0.9111111111\":-2.0542698445,\"0.9333333333\":-2.1043739871,\"0.9555555556\":-2.1544781296,\"0.9777777778\":-2.2045822722,\"1.0\":-2.2546864147,\"1.0222222222\":-2.3047905573,\"1.0444444444\":-2.3548946998,\"1.0666666667\":-2.4049988424,\"1.0888888889\":-2.4551029849,\"1.1111111111\":-2.5052071275,\"1.1333333333\":-2.55531127,\"1.1555555556\":-2.6054154126,\"1.1777777778\":-2.6555195551,\"1.2\":-2.7056236977,\"1.2222222222\":-2.7557278402,\"1.2444444444\":-2.8058319828,\"1.2666666667\":-2.8559361253,\"1.2888888889\":-2.9060402679,\"1.3111111111\":-2.9561444104,\"1.3333333333\":-3.006248553,\"1.3555555556\":-3.0563526955,\"1.3777777778\":-3.1064568381,\"1.4\":-3.1565609806,\"1.4222222222\":-3.2066651232,\"1.4444444444\":-3.2567692657,\"1.4666666667\":-3.3068734083,\"1.4888888889\":-3.3569775508,\"1.5111111111\":-3.4070816934,\"1.5333333333\":-3.4571858359,\"1.5555555556\":-3.5072899785,\"1.5777777778\":-3.557394121,\"1.6\":-3.6074982636,\"1.6222222222\":-3.6576024061,\"1.6444444444\":-3.7077065487,\"1.6666666667\":-3.7578106912,\"1.6888888889\":-3.8079148338,\"1.7111111111\":-3.8580189763,\"1.7333333333\":-3.9081231189,\"1.7555555556\":-3.9582272614,\"1.7777777778\":-4.008331404,\"1.8\":-4.0584355465,\"1.8222222222\":-4.1085396891,\"1.8444444444\":-4.1586438316,\"1.8666666667\":-4.2087479742,\"1.8888888889\":-4.2588521167,\"1.9111111111\":-4.3089562593,\"1.9333333333\":-4.3590604018,\"1.9555555556\":-4.4091645444,\"1.9777777778\":-4.4592686869,\"2.0\":-4.5093728295,\"2.0222222222\":-4.559476972,\"2.0444444444\":-4.6095811146,\"2.0666666667\":-4.6596852571,\"2.0888888889\":-4.7097893997,\"2.1111111111\":-4.7598935422,\"2.1333333333\":-4.8099976848,\"2.1555555556\":-4.8601018273,\"2.1777777778\":-4.9102059699,\"2.2\":-4.9603101124}", 
            "type": "plot"
        }, 
        "C": {
            "num": "a", 
            "xlabel": "Dichte ($10^{12}\\ cm^{-3}$)", 
            "xlim": [
                0.0, 
                2.5
            ], 
            "ylabel": "Phase (rad)", 
            "y": "{\"0.330828\":-0.6446558196,\"0.751703\":-1.7849139658,\"1.22934\":-2.8430903832,\"1.69402\":-3.8710391262,\"2.10039\":-4.636118298}", 
            "type": "errorbar", 
            "ylim": [
                -5.5, 
                1
            ], 
            "yerr": "{\"0.330828\":0.011119801,\"0.751703\":0.0148808092,\"1.22934\":0.0276385579,\"1.69402\":0.0445727122,\"2.10039\":0.055737282}", 
            "label": "Daten"
        }, 
        "B": {
            "y": "{\"0.0\":0.0,\"0.0222222222\":-0.0188103232,\"0.0444444444\":-0.0376206465,\"0.0666666667\":-0.0564309697,\"0.0888888889\":-0.075241293,\"0.1111111111\":-0.0940516162,\"0.1333333333\":-0.1128619395,\"0.1555555556\":-0.1316722627,\"0.1777777778\":-0.150482586,\"0.2\":-0.1692929092,\"0.2222222222\":-0.1881032325,\"0.2444444444\":-0.2069135557,\"0.2666666667\":-0.225723879,\"0.2888888889\":-0.2445342022,\"0.3111111111\":-0.2633445255,\"0.3333333333\":-0.2821548487,\"0.3555555556\":-0.3009651719,\"0.3777777778\":-0.3197754952,\"0.4\":-0.3385858184,\"0.4222222222\":-0.3573961417,\"0.4444444444\":-0.3762064649,\"0.4666666667\":-0.3950167882,\"0.4888888889\":-0.4138271114,\"0.5111111111\":-0.4326374347,\"0.5333333333\":-0.4514477579,\"0.5555555556\":-0.4702580812,\"0.5777777778\":-0.4890684044,\"0.6\":-0.5078787277,\"0.6222222222\":-0.5266890509,\"0.6444444444\":-0.5454993742,\"0.6666666667\":-0.5643096974,\"0.6888888889\":-0.5831200206,\"0.7111111111\":-0.6019303439,\"0.7333333333\":-0.6207406671,\"0.7555555556\":-0.6395509904,\"0.7777777778\":-0.6583613136,\"0.8\":-0.6771716369,\"0.8222222222\":-0.6959819601,\"0.8444444444\":-0.7147922834,\"0.8666666667\":-0.7336026066,\"0.8888888889\":-0.7524129299,\"0.9111111111\":-0.7712232531,\"0.9333333333\":-0.7900335764,\"0.9555555556\":-0.8088438996,\"0.9777777778\":-0.8276542229,\"1.0\":-0.8464645461,\"1.0222222222\":-0.8652748693,\"1.0444444444\":-0.8840851926,\"1.0666666667\":-0.9028955158,\"1.0888888889\":-0.9217058391,\"1.1111111111\":-0.9405161623,\"1.1333333333\":-0.9593264856,\"1.1555555556\":-0.9781368088,\"1.1777777778\":-0.9969471321,\"1.2\":-1.0157574553,\"1.2222222222\":-1.0345677786,\"1.2444444444\":-1.0533781018,\"1.2666666667\":-1.0721884251,\"1.2888888889\":-1.0909987483,\"1.3111111111\":-1.1098090716,\"1.3333333333\":-1.1286193948,\"1.3555555556\":-1.147429718,\"1.3777777778\":-1.1662400413,\"1.4\":-1.1850503645,\"1.4222222222\":-1.2038606878,\"1.4444444444\":-1.222671011,\"1.4666666667\":-1.2414813343,\"1.4888888889\":-1.2602916575,\"1.5111111111\":-1.2791019808,\"1.5333333333\":-1.297912304,\"1.5555555556\":-1.3167226273,\"1.5777777778\":-1.3355329505,\"1.6\":-1.3543432738,\"1.6222222222\":-1.373153597,\"1.6444444444\":-1.3919639203,\"1.6666666667\":-1.4107742435,\"1.6888888889\":-1.4295845667,\"1.7111111111\":-1.44839489,\"1.7333333333\":-1.4672052132,\"1.7555555556\":-1.4860155365,\"1.7777777778\":-1.5048258597,\"1.8\":-1.523636183,\"1.8222222222\":-1.5424465062,\"1.8444444444\":-1.5612568295,\"1.8666666667\":-1.5800671527,\"1.8888888889\":-1.598877476,\"1.9111111111\":-1.6176877992,\"1.9333333333\":-1.6364981225,\"1.9555555556\":-1.6553084457,\"1.9777777778\":-1.674118769,\"2.0\":-1.6929290922,\"2.0222222222\":-1.7117394154,\"2.0444444444\":-1.7305497387,\"2.0666666667\":-1.7493600619,\"2.0888888889\":-1.7681703852,\"2.1111111111\":-1.7869807084,\"2.1333333333\":-1.8057910317,\"2.1555555556\":-1.8246013549,\"2.1777777778\":-1.8434116782,\"2.2\":-1.8622220014}", 
            "type": "plot"
        }, 
        "D": {
            "y": "{\"0.330828\":-0.1483020082,\"0.751703\":-0.6444245928,\"1.22934\":-1.391690125,\"1.69402\":-1.6894231429,\"2.10039\":-1.3841852974}", 
            "type": "errorbar", 
            "yerr": "{\"0.330828\":0.1550486567,\"0.751703\":0.1272474324,\"1.22934\":0.1818390436,\"1.69402\":0.2559768818,\"2.10039\":0.2316930403}"
        }
    },