{
    "121": {
        "A": {
            "num": "a", 
            "xlabel": "Signalverstimmung $\\Delta_s/2 \\pi$ (MHz)", 
            "xlim": [
                4, 
                16
            ], 
            "ylabel": "OD", 
            "y": "{\"4.0\":1.3597800633,\"4.6\":1.3241472194,\"5.2\":1.1915339002,\"5.8\":0.9095137499,\"6.4\":0.9589451457,\"7.0\":0.8316802379,\"7.6\":0.5304408556,\"8.2\":0.5074578703,\"8.8\":0.238263293,\"9.4\":0.3384220076,\"10.0\":0.3540010602,\"10.6\":1.0473360144,\"11.2\":1.5588100319,\"11.8\":1.8020023939,\"12.4\":1.3064251844,\"13.0\":0.9380200488,\"13.6\":0.5475959932,\"14.2\":0.6127720826,\"14.8\":0.5276173557,\"15.4\":0.3369589224,\"16.0\":0.349316532}", 
            "type": "scatter", 
            "ylim": [
                0, 
                3.2
            ], 
            "label": "Kontroll an"
        }, 
        "C": {
            "y": "{\"4.0\":2.06055,\"4.06\":2.02989,\"4.12\":1.99983,\"4.18\":1.97037,\"4.24\":1.94149,\"4.3\":1.91318,\"4.36\":1.88542,\"4.42\":1.8582,\"4.48\":1.83151,\"4.54\":1.80534,\"4.6\":1.77968,\"4.66\":1.75451,\"4.72\":1.72983,\"4.78\":1.70562,\"4.84\":1.68187,\"4.9\":1.65857,\"4.96\":1.63571,\"5.02\":1.61329,\"5.08\":1.59128,\"5.14\":1.56969,\"5.2\":1.54851,\"5.26\":1.52771,\"5.32\":1.5073,\"5.38\":1.48727,\"5.44\":1.46761,\"5.5\":1.4483,\"5.56\":1.42935,\"5.62\":1.41075,\"5.68\":1.39248,\"5.74\":1.37454,\"5.8\":1.35692,\"5.86\":1.33961,\"5.92\":1.32262,\"5.98\":1.30592,\"6.04\":1.28953,\"6.1\":1.27342,\"6.16\":1.25759,\"6.22\":1.24203,\"6.28\":1.22675,\"6.34\":1.21173,\"6.4\":1.19698,\"6.46\":1.18247,\"6.52\":1.16821,\"6.58\":1.1542,\"6.64\":1.14042,\"6.7\":1.12687,\"6.76\":1.11355,\"6.82\":1.10046,\"6.88\":1.08758,\"6.94\":1.07492,\"7.0\":1.06246,\"7.06\":1.05021,\"7.12\":1.03817,\"7.18\":1.02631,\"7.24\":1.01465,\"7.3\":1.00318,\"7.36\":0.991895,\"7.42\":0.98079,\"7.48\":0.969861,\"7.54\":0.959107,\"7.6\":0.948522,\"7.66\":0.938105,\"7.72\":0.927851,\"7.78\":0.917757,\"7.84\":0.90782,\"7.9\":0.898038,\"7.96\":0.888406,\"8.02\":0.878923,\"8.08\":0.869585,\"8.14\":0.860389,\"8.2\":0.851332,\"8.26\":0.842413,\"8.32\":0.833628,\"8.38\":0.824974,\"8.44\":0.81645,\"8.5\":0.808052,\"8.56\":0.799779,\"8.62\":0.791628,\"8.68\":0.783596,\"8.74\":0.775682,\"8.8\":0.767883,\"8.86\":0.760197,\"8.92\":0.752622,\"8.98\":0.745157,\"9.04\":0.737798,\"9.1\":0.730544,\"9.16\":0.723393,\"9.22\":0.716343,\"9.28\":0.709393,\"9.34\":0.70254,\"9.4\":0.695784,\"9.46\":0.689121,\"9.52\":0.68255,\"9.58\":0.676071,\"9.64\":0.66968,\"9.7\":0.663377,\"9.76\":0.657161,\"9.82\":0.651028,\"9.88\":0.644979,\"9.94\":0.639011,\"10.0\":0.633124,\"10.06\":0.627315,\"10.12\":0.621584,\"10.18\":0.615929,\"10.24\":0.610348,\"10.3\":0.604841,\"10.36\":0.599407,\"10.42\":0.594043,\"10.48\":0.58875,\"10.54\":0.583525,\"10.6\":0.578367,\"10.66\":0.573276,\"10.72\":0.56825,\"10.78\":0.563289,\"10.84\":0.55839,\"10.9\":0.553554,\"10.96\":0.548779,\"11.02\":0.544064,\"11.08\":0.539408,\"11.14\":0.53481,\"11.2\":0.530269,\"11.26\":0.525785,\"11.32\":0.521356,\"11.38\":0.516981,\"11.44\":0.51266,\"11.5\":0.508392,\"11.56\":0.504176,\"11.62\":0.500011,\"11.68\":0.495896,\"11.74\":0.491831,\"11.8\":0.487814,\"11.86\":0.483846,\"11.92\":0.479925,\"11.98\":0.47605,\"12.04\":0.472221,\"12.1\":0.468437,\"12.16\":0.464698,\"12.22\":0.461002,\"12.28\":0.45735,\"12.34\":0.453739,\"12.4\":0.450171,\"12.46\":0.446644,\"12.52\":0.443157,\"12.58\":0.43971,\"12.64\":0.436302,\"12.7\":0.432934,\"12.76\":0.429603,\"12.82\":0.42631,\"12.88\":0.423054,\"12.94\":0.419834,\"13.0\":0.416651,\"13.06\":0.413503,\"13.12\":0.410389,\"13.18\":0.407311,\"13.24\":0.404266,\"13.3\":0.401254,\"13.36\":0.398276,\"13.42\":0.39533,\"13.48\":0.392416,\"13.54\":0.389534,\"13.6\":0.386683,\"13.66\":0.383862,\"13.72\":0.381072,\"13.78\":0.378311,\"13.84\":0.37558,\"13.9\":0.372878,\"13.96\":0.370205,\"14.02\":0.36756,\"14.08\":0.364942,\"14.14\":0.362353,\"14.2\":0.35979,\"14.26\":0.357253,\"14.32\":0.354744,\"14.38\":0.35226,\"14.44\":0.349801,\"14.5\":0.347368,\"14.56\":0.34496,\"14.62\":0.342577,\"14.68\":0.340218,\"14.74\":0.337882,\"14.8\":0.335571,\"14.86\":0.333282,\"14.92\":0.331017,\"14.98\":0.328774,\"15.04\":0.326554,\"15.1\":0.324356,\"15.16\":0.32218,\"15.22\":0.320025,\"15.28\":0.317891,\"15.34\":0.315779,\"15.4\":0.313687,\"15.46\":0.311616,\"15.52\":0.309565,\"15.58\":0.307533,\"15.64\":0.305522,\"15.7\":0.30353,\"15.76\":0.301557,\"15.82\":0.299603,\"15.88\":0.297667,\"15.94\":0.295751,\"16.0\":0.293852}", 
            "type": "plot"
        }, 
        "B": {
            "y": "{\"4.0\":1.9733046166,\"4.6\":1.711805544,\"5.2\":1.5902592264,\"5.8\":1.2529764789,\"6.4\":1.2429430556,\"7.0\":1.1805826246,\"7.6\":0.9945330216,\"8.2\":0.9285356199,\"8.8\":0.721217138,\"9.4\":0.7231880569,\"10.0\":0.6246648424,\"10.6\":0.6768016505,\"11.2\":0.5195633786,\"11.8\":0.5875034244,\"12.4\":0.4424574324,\"13.0\":0.4555378722,\"13.6\":0.2852155654,\"14.2\":0.4305494786,\"14.8\":0.4116310555,\"15.4\":0.2496491104,\"16.0\":0.2461700121}", 
            "type": "scatter", 
            "label": "Kontroll aus"
        },