{
    "111": {
        "A": {
            "xlabel": "Speicherzeit ($\\mu s$)", 
            "xlim": [
                0.0, 
                12.0
            ], 
            "ylabel": "Effizienz", 
            "y": "{\"0.25\":0.2011580166,\"1.0\":0.0959293614,\"1.75\":0.0408801972,\"2.5\":0.0301434014,\"3.25\":0.0390836684,\"4.0\":0.0672162324,\"4.75\":0.0679993641,\"5.5\":0.048794232,\"6.25\":0.0268622585,\"7.0\":0.0134184429,\"7.75\":0.0146750144,\"8.5\":0.0278066105,\"9.25\":0.0190839149,\"10.0\":0.0143257344,\"10.75\":0.0077864455,\"11.5\":0.0054511801,\"12.25\":0.0025619949,\"13.0\":0.0029968148,\"13.75\":0.0034383445,\"14.5\":0.0027154399}", 
            "type": "errorbar", 
            "ylim": [
                0, 
                0.25
            ], 
            "yerr": "{\"0.25\":0.00846253,\"1.0\":0.004701199,\"1.75\":0.0031629314,\"2.5\":0.0012743196,\"3.25\":0.0023034039,\"4.0\":0.0066904308,\"4.75\":0.0037317857,\"5.5\":0.0027610453,\"6.25\":0.0015419099,\"7.0\":0.0014709747,\"7.75\":0.0011461248,\"8.5\":0.0023906943,\"9.25\":0.0020909296,\"10.0\":0.0014843951,\"10.75\":0.0006986327,\"11.5\":0.0010935388,\"12.25\":0.0002551978,\"13.0\":0.000630415,\"13.75\":0.0006948184,\"14.5\":0.0006451082}", 
            "label": "Daten"
        }, 
        "B": {
            "y": "{\"0.0\":0.2091526568,\"0.1616161616\":0.1993321235,\"0.3232323232\":0.186365123,\"0.4848484848\":0.1708839951,\"0.6464646465\":0.1535987062,\"0.8080808081\":0.1352578015,\"0.9696969697\":0.1166104722,\"1.1313131313\":0.0983714195,\"1.2929292929\":0.0811899381,\"1.4545454545\":0.065624344,\"1.6161616162\":0.0521225382,\"1.7777777778\":0.0410091524,\"1.9393939394\":0.0324793874,\"2.101010101\":0.0265993319,\"2.2626262626\":0.0233122661,\"2.4242424242\":0.0224502136,\"2.5858585859\":0.0237498132,\"2.7474747475\":0.0268714542,\"2.9090909091\":0.0314205414,\"3.0707070707\":0.0369697444,\"3.2323232323\":0.0430811241,\"3.3939393939\":0.0493271155,\"3.5555555556\":0.055309478,\"3.7171717172\":0.0606754817,\"3.8787878788\":0.0651307832,\"4.0404040404\":0.0684486378,\"4.202020202\":0.0704752909,\"4.3636363636\":0.0711315824,\"4.5252525253\":0.0704109705,\"4.6868686869\":0.0683743303,\"4.8484848485\":0.0651420112,\"5.0101010101\":0.0608837223,\"5.1717171717\":0.05580688,\"5.3333333333\":0.0501440705,\"5.4949494949\":0.044140277,\"5.6565656566\":0.038040483,\"5.8181818182\":0.0320781977,\"5.9797979798\":0.0264653706,\"6.1414141414\":0.0213840593,\"6.303030303\":0.0169801081,\"6.4646464646\":0.0133589815,\"6.6262626263\":0.0105837863,\"6.7878787879\":0.0086754128,\"6.9494949495\":0.0076146285,\"7.1111111111\":0.0073458855,\"7.2727272727\":0.007782534,\"7.4343434343\":0.008813098,\"7.595959596\":0.0103082404,\"7.7575757576\":0.0121280441,\"7.9191919192\":0.0141292463,\"8.0808080808\":0.0161720936,\"8.2424242424\":0.0181265269,\"8.404040404\":0.0198774594,\"8.5656565657\":0.0213289679,\"8.7272727273\":0.0224072848,\"8.8888888889\":0.02306254,\"9.0505050505\":0.0232692643,\"9.2121212121\":0.023025723,\"9.3737373737\":0.0223521975,\"9.5353535354\":0.0212883724,\"9.696969697\":0.0198900163,\"9.8585858586\":0.0182251631,\"10.0202020202\":0.0163700066,\"10.1818181818\":0.0144047239,\"10.3434343434\":0.0124094223,\"10.5050505051\":0.0104603937,\"10.6666666667\":0.0086268237,\"10.8282828283\":0.0069680769,\"10.9898989899\":0.0055316414,\"11.1515151515\":0.0043517778,\"11.3131313131\":0.0034488854,\"11.4747474747\":0.0028295595,\"11.6363636364\":0.0024872875,\"11.797979798\":0.0024037026,\"11.9595959596\":0.0025502977,\"12.1212121212\":0.002890482,\"12.2828282828\":0.0033818635,\"12.4444444444\":0.0039786311,\"12.6060606061\":0.0046339201,\"12.7676767677\":0.0053020514,\"12.9292929293\":0.0059405505,\"13.0909090909\":0.0065118681,\"13.2525252525\":0.0069847447,\"13.4141414141\":0.0073351822,\"13.5757575758\":0.0075470065,\"13.7373737374\":0.0076120253,\"13.898989899\":0.0075298036,\"14.0606060606\":0.0073070959,\"14.2222222222\":0.0069569868,\"14.3838383838\":0.0064978019,\"14.5454545455\":0.0059518561,\"14.7070707071\":0.0053441097,\"14.8686868687\":0.0047008021,\"15.0303030303\":0.0040481275,\"15.1919191919\":0.0034110113,\"15.3535353535\":0.0028120371,\"15.5151515152\":0.0022705619,\"15.6767676768\":0.0018020477,\"15.8383838384\":0.0014176236,\"16.0\":0.0011238828}", 
            "type": "plot"
        }
    }
}