{
    "111": {
        "A": {
            "xlabel": "Speicherzeit ($\\mu s$)", 
            "xlim": [
                0.0, 
                12.0
            ], 
            "ylabel": "Effizienz", 
            "y": "{\"0.1\":0.2011580166,\"0.85\":0.0959293614,\"1.6\":0.0408801972,\"2.35\":0.0301434014,\"3.1\":0.0390836684,\"3.85\":0.0672162324,\"4.6\":0.0679993641,\"5.35\":0.048794232,\"6.1\":0.0268622585,\"6.85\":0.0134184429,\"7.6\":0.0146750144,\"8.35\":0.0278066105,\"9.1\":0.0190839149,\"9.85\":0.0143257344,\"10.6\":0.0077864455,\"11.35\":0.0054511801,\"12.1\":0.0025619949,\"12.85\":0.0029968148,\"13.6\":0.0034383445,\"14.35\":0.0027154399}", 
            "type": "errorbar", 
            "ylim": [
                0, 
                0.25
            ], 
            "yerr": "{\"0.1\":0.00846253,\"0.85\":0.004701199,\"1.6\":0.0031629314,\"2.35\":0.0012743196,\"3.1\":0.0023034039,\"3.85\":0.0066904308,\"4.6\":0.0037317857,\"5.35\":0.0027610453,\"6.1\":0.0015419099,\"6.85\":0.0014709747,\"7.6\":0.0011461248,\"8.35\":0.0023906943,\"9.1\":0.0020909296,\"9.85\":0.0014843951,\"10.6\":0.0006986327,\"11.35\":0.0010935388,\"12.1\":0.0002551978,\"12.85\":0.000630415,\"13.6\":0.0006948184,\"14.35\":0.0006451082}", 
            "label": "Daten"
        }
    }
}