{
    "111": {
        "A": {
            "xlim": [
                64.5, 
                76.5
            ], 
            "label": "$(n-1)P_{1/2}(n-2)P_{3/2}$", 
            "xlabel": "Hauptquantenzahl $n$", 
            "ylabel": "$\\Delta E_p/h$ (GHz)", 
            "y": "{\"40.0\":4.126408411,\"41.0\":3.5748742296,\"42.0\":3.1026010197,\"43.0\":2.696899402,\"44.0\":2.3473364173,\"45.0\":2.0452940976,\"46.0\":1.783622109,\"47.0\":1.5563628209,\"48.0\":1.3585324949,\"49.0\":1.1859462195,\"50.0\":1.0350771408,\"51.0\":0.9029427297,\"52.0\":0.7870124724,\"53.0\":0.6851326229,\"54.0\":0.5954646077,\"55.0\":0.5164344042,\"56.0\":0.446690779,\"57.0\":0.3850707098,\"58.0\":0.3305706537,\"59.0\":0.2823225925,\"60.0\":0.2395739978,\"61.0\":0.2016710205,\"62.0\":0.1680443436,\"63.0\":0.1381972432,\"64.0\":0.1116954835,\"65.0\":0.0881587423,\"66.0\":0.0672533157,\"67.0\":0.0486858957,\"68.0\":0.0321982504,\"69.0\":0.0175626656,\"70.0\":0.0045780283,\"71.0\":-0.0069335425,\"72.0\":-0.0171296037,\"73.0\":-0.0261499005,\"74.0\":-0.0341185425,\"75.0\":-0.0411458916,\"76.0\":-0.0473302035,\"77.0\":-0.052759057,\"78.0\":-0.0575106007,\"79.0\":-0.0616546426,\"80.0\":-0.0652536039,\"81.0\":-0.0683633545,\"82.0\":-0.0710339473,\"83.0\":-0.0733102635,\"84.0\":-0.0752325808,\"85.0\":-0.0768370747,\"86.0\":-0.0781562605,\"87.0\":-0.0792193854,\"88.0\":-0.0800527739,\"89.0\":-0.0806801356,\"90.0\":-0.0811228373,\"91.0\":-0.0814001453,\"92.0\":-0.0815294407,\"93.0\":-0.0815264112,\"94.0\":-0.0814052222,\"95.0\":-0.0811786696,\"96.0\":-0.0808583159,\"97.0\":-0.0804546121,\"98.0\":-0.0799770073,\"99.0\":-0.0794340461,\"100.0\":-0.0788334564,\"101.0\":-0.0781822283,\"102.0\":-0.0774866848,\"103.0\":-0.0767525453,\"104.0\":-0.0759849828,\"105.0\":-0.0751886759,\"106.0\":-0.0743678545,\"107.0\":-0.0735263425,\"108.0\":-0.0726675952,\"109.0\":-0.0717947333,\"110.0\":-0.0709105744,\"111.0\":-0.0700176603,\"112.0\":-0.0691182826,\"113.0\":-0.0682145057,\"114.0\":-0.0673081871,\"115.0\":-0.0664009969,\"116.0\":-0.0654944341,\"117.0\":-0.0645898426,\"118.0\":-0.0636884251,\"119.0\":-0.062791256,\"120.0\":-0.0618992927}", 
            "type": "scatter", 
            "ylim": [
                -0.1, 
                0.1
            ]
        }, 
        "B": {
            "y": "{\"40.0\":3.9685304036,\"41.0\":3.433449703,\"42.0\":2.9755412735,\"43.0\":2.5824260013,\"44.0\":2.2439287278,\"45.0\":1.9516467201,\"46.0\":1.6986101595,\"47.0\":1.479013467,\"48.0\":1.2880015081,\"49.0\":1.12149857,\"50.0\":0.9760708682,\"51.0\":0.8488154798,\"52.0\":0.7372702144,\"53.0\":0.6393401583,\"54.0\":0.5532375557,\"55.0\":0.4774324117,\"56.0\":0.4106117477,\"57.0\":0.3516458725,\"58.0\":0.2995603612,\"59.0\":0.2535126995,\"60.0\":0.2127727512,\"61.0\":0.1767063746,\"62.0\":0.1447616374,\"63.0\":0.1164571848,\"64.0\":0.0913723974,\"65.0\":0.0691390415,\"66.0\":0.0494341667,\"67.0\":0.0319740492,\"68.0\":0.0165090152,\"69.0\":0.0028190058,\"70.0\":-0.0092902313,\"71.0\":-0.0199904196,\"72.0\":-0.0294335791,\"73.0\":-0.0377544691,\"74.0\":-0.0450727021,\"75.0\":-0.0514945781,\"76.0\":-0.0571146782,\"77.0\":-0.0620172525,\"78.0\":-0.06627743,\"79.0\":-0.069962276,\"80.0\":-0.0731317167,\"81.0\":-0.0758393504,\"82.0\":-0.0781331584,\"83.0\":-0.0800561307,\"84.0\":-0.0816468166,\"85.0\":-0.08293981,\"86.0\":-0.0839661776,\"87.0\":-0.0847538378,\"88.0\":-0.0853278957,\"89.0\":-0.0857109399,\"90.0\":-0.0859233063,\"91.0\":-0.0859833118,\"92.0\":-0.0859074625,\"93.0\":-0.085710639,\"94.0\":-0.0854062613,\"95.0\":-0.0850064364,\"96.0\":-0.0845220894,\"97.0\":-0.0839630817,\"98.0\":-0.0833383153,\"99.0\":-0.0826558281,\"100.0\":-0.0819228775,\"101.0\":-0.0811460165,\"102.0\":-0.0803311618,\"103.0\":-0.0794836549,\"104.0\":-0.0786083171,\"105.0\":-0.077709499,\"106.0\":-0.0767911253,\"107.0\":-0.0758567345,\"108.0\":-0.0749095159,\"109.0\":-0.0739523416,\"110.0\":-0.0729877967,\"111.0\":-0.0720182057,\"112.0\":-0.0710456567,\"113.0\":-0.0700720234,\"114.0\":-0.0690989849,\"115.0\":-0.0681280436,\"116.0\":-0.0671605415,\"117.0\":-0.066197675,\"118.0\":-0.0652405083,\"119.0\":-0.0642899854,\"120.0\":-0.0633469414}", 
            "type": "scatter", 
            "label": "$(n-1)P_{3/2}(n-2)P_{1/2}$"
        }, 
        "E": {
            "y": 0, 
            "type": "axh"
        }
    }
}