{
    "121": {
        "A": {
            "xlim": [
                45, 
                120
            ], 
            "label": "$nP_{3/2}(n-1)P_{3/2}$", 
            "xlabel": "Hauptquantenzahl $n$", 
            "ylabel": "$\\Delta E_p/h$ (GHz)", 
            "y": "{\"40.0\":-5.4537965327,\"41.0\":-4.9666291166,\"42.0\":-4.5348358135,\"43.0\":-4.1508644983,\"44.0\":-3.808354329,\"45.0\":-3.5019237962,\"46.0\":-3.2270005366,\"47.0\":-2.9796839215,\"48.0\":-2.7566335222,\"49.0\":-2.5549781225,\"50.0\":-2.3722411387,\"51.0\":-2.2062792058,\"52.0\":-2.0552313866,\"53.0\":-1.9174769886,\"54.0\":-1.7916003897,\"55.0\":-1.6763615964,\"56.0\":-1.5706715085,\"57.0\":-1.4735710642,\"58.0\":-1.3842135982,\"59.0\":-1.3018498676,\"60.0\":-1.2258153039,\"61.0\":-1.1555191254,\"62.0\":-1.0904350127,\"63.0\":-1.0300930998,\"64.0\":-0.9740730775,\"65.0\":-0.9219982367,\"66.0\":-0.8735303137,\"67.0\":-0.8283650161,\"68.0\":-0.7862281308,\"69.0\":-0.7468721319,\"70.0\":-0.7100732157,\"71.0\":-0.6756287051,\"72.0\":-0.6433547722,\"73.0\":-0.6130844349,\"74.0\":-0.5846657934,\"75.0\":-0.5579604729,\"76.0\":-0.5328422463,\"77.0\":-0.5091958148,\"78.0\":-0.4869157254,\"79.0\":-0.4659054091,\"80.0\":-0.4460763236,\"81.0\":-0.4273471902,\"82.0\":-0.4096433111,\"83.0\":-0.3928959589,\"84.0\":-0.3770418302,\"85.0\":-0.3620225552,\"86.0\":-0.3477842564,\"87.0\":-0.334277153,\"88.0\":-0.321455203,\"89.0\":-0.3092757817,\"90.0\":-0.2976993904,\"91.0\":-0.2866893938,\"92.0\":-0.2762117811,\"93.0\":-0.2662349509,\"94.0\":-0.2567295149,\"95.0\":-0.24766812,\"96.0\":-0.2390252865,\"97.0\":-0.2307772606,\"98.0\":-0.2229018803,\"99.0\":-0.2153784526,\"100.0\":-0.208187642,\"101.0\":-0.2013113676,\"102.0\":-0.19473271,\"103.0\":-0.1884358253,\"104.0\":-0.1824058663,\"105.0\":-0.176628911,\"106.0\":-0.1710918957,\"107.0\":-0.1657825542,\"108.0\":-0.1606893621,\"109.0\":-0.155801485,\"110.0\":-0.1511087309,\"111.0\":-0.1466015064,\"112.0\":-0.1422707763,\"113.0\":-0.1381080261,\"114.0\":-0.1341052275,\"115.0\":-0.1302548066,\"116.0\":-0.1265496138,\"117.0\":-0.1229828969,\"118.0\":-0.1195482756,\"119.0\":-0.1162397176,\"120.0\":-0.113051517}", 
            "type": "scatter", 
            "ylim": [
                -4, 
                0
            ]
        }, 
        "C": {
            "y": "{\"40.0\":-7.2628792236,\"41.0\":-6.6342872809,\"42.0\":-6.0754342316,\"43.0\":-5.5769895157,\"44.0\":-5.1310716569,\"45.0\":-4.7309937466,\"46.0\":-4.3710585375,\"47.0\":-4.0463925686,\"48.0\":-3.7528111824,\"49.0\":-3.4867081333,\"50.0\":-3.2449648768,\"51.0\":-3.024875694,\"52.0\":-2.8240856169,\"53.0\":-2.6405387542,\"54.0\":-2.4724351033,\"55.0\":-2.3181943176,\"56.0\":-2.1764251984,\"57.0\":-2.0458999168,\"58.0\":-1.9255321583,\"59.0\":-1.8143585348,\"60.0\":-1.7115227244,\"61.0\":-1.6162619,\"62.0\":-1.527895081,\"63.0\":-1.4458131098,\"64.0\":-1.3694700013,\"65.0\":-1.2983754598,\"66.0\":-1.2320883879,\"67.0\":-1.1702112438,\"68.0\":-1.1123851232,\"69.0\":-1.0582854645,\"70.0\":-1.0076182886,\"71.0\":-0.960116901,\"72.0\":-0.9155389927,\"73.0\":-0.8736640869,\"74.0\":-0.8342912858,\"75.0\":-0.7972372788,\"76.0\":-0.7623345775,\"77.0\":-0.7294299505,\"78.0\":-0.6983830318,\"79.0\":-0.6690650821,\"80.0\":-0.6413578839,\"81.0\":-0.6151527546,\"82.0\":-0.5903496644,\"83.0\":-0.5668564451,\"84.0\":-0.5445880807,\"85.0\":-0.5234660703,\"86.0\":-0.5034178544,\"87.0\":-0.4843762985,\"88.0\":-0.4662792267,\"89.0\":-0.449069001,\"90.0\":-0.4326921408,\"91.0\":-0.4170989776,\"92.0\":-0.402243343,\"93.0\":-0.388082285,\"94.0\":-0.3745758099,\"95.0\":-0.3616866482,\"96.0\":-0.3493800411,\"97.0\":-0.3376235457,\"98.0\":-0.3263868574,\"99.0\":-0.3156416477,\"100.0\":-0.305361416,\"101.0\":-0.2955213535,\"102.0\":-0.2860982189,\"103.0\":-0.2770702246,\"104.0\":-0.2684169314,\"105.0\":-0.2601191529,\"106.0\":-0.2521588668,\"107.0\":-0.2445191333,\"108.0\":-0.2371840205,\"109.0\":-0.2301385351,\"110.0\":-0.2233685587,\"111.0\":-0.2168607888,\"112.0\":-0.2106026847,\"113.0\":-0.2045824168,\"114.0\":-0.1987888205,\"115.0\":-0.1932113528,\"116.0\":-0.1878400526,\"117.0\":-0.1826655033,\"118.0\":-0.1776787988,\"119.0\":-0.1728715114,\"120.0\":-0.1682356622}", 
            "type": "scatter", 
            "label": "$nP_{3/2}(n-1)P_{1/2}$"
        }, 
        "B": {
            "y": "{\"40.0\":-7.121454697,\"41.0\":-6.5072275347,\"42.0\":-5.9609608309,\"43.0\":-5.4735818262,\"44.0\":-5.0374242794,\"45.0\":-4.6459817971,\"46.0\":-4.2937091836,\"47.0\":-3.9758615818,\"48.0\":-3.6883635329,\"49.0\":-3.4277018606,\"50.0\":-3.1908376269,\"51.0\":-2.975133436,\"52.0\":-2.7782931523,\"53.0\":-2.5983117022,\"54.0\":-2.4334331108,\"55.0\":-2.2821152863,\"56.0\":-2.1430003611,\"57.0\":-2.0148896244,\"58.0\":-1.8967222653,\"59.0\":-1.7875572881,\"60.0\":-1.6865580785,\"61.0\":-1.5929791938,\"62.0\":-1.5061550226,\"63.0\":-1.4254900237,\"64.0\":-1.3504503006,\"65.0\":-1.2805563108,\"66.0\":-1.2153765414,\"67.0\":-1.1545220085,\"68.0\":-1.0976414635,\"69.0\":-1.0444172049,\"70.0\":-0.9945614115,\"71.0\":-0.9478129256,\"72.0\":-0.9039344241,\"73.0\":-0.8627099273,\"74.0\":-0.8239425994,\"75.0\":-0.7874528041,\"76.0\":-0.753076382,\"77.0\":-0.7206631212,\"78.0\":-0.6900753985,\"79.0\":-0.6611869693,\"80.0\":-0.633881888,\"81.0\":-0.6080535436,\"82.0\":-0.5836037973,\"83.0\":-0.5604422093,\"84.0\":-0.5384853453,\"85.0\":-0.5176561532,\"86.0\":-0.4978834019,\"87.0\":-0.4791011767,\"88.0\":-0.4612484223,\"89.0\":-0.444268532,\"90.0\":-0.4281089743,\"91.0\":-0.4127209557,\"92.0\":-0.3980591152,\"93.0\":-0.3840812459,\"94.0\":-0.3707480431,\"95.0\":-0.3580228747,\"96.0\":-0.3458715716,\"97.0\":-0.3342622377,\"98.0\":-0.3231650753,\"99.0\":-0.3125522266,\"100.0\":-0.3023976279,\"101.0\":-0.2926768765,\"102.0\":-0.2833671093,\"103.0\":-0.2744468903,\"104.0\":-0.2658961082,\"105.0\":-0.2576958821,\"106.0\":-0.2498284748,\"107.0\":-0.2422772126,\"108.0\":-0.2350264122,\"109.0\":-0.2280613128,\"110.0\":-0.2213680133,\"111.0\":-0.2149334148,\"112.0\":-0.208745167,\"113.0\":-0.2027916191,\"114.0\":-0.1970617738,\"115.0\":-0.1915452454,\"116.0\":-0.1862322201,\"117.0\":-0.1811134201,\"118.0\":-0.1761800694,\"119.0\":-0.1714238628,\"120.0\":-0.1668369365}", 
            "type": "scatter", 
            "label": "$nP_{1/2}(n-1)P_{3/2}$"
        },