{"111": {"A": {"y": "{\"11.025\":0.0000109811,\"11.075\":0.0000030503,\"11.125\":0.0000042704,\"11.175\":0.0000024402,\"11.225\":0.0000024402,\"11.275\":0.0000030503,\"11.325\":0.0000036604,\"11.375\":0.0000036604,\"11.425\":0.0000036604,\"11.475\":0.0000701571,\"11.525\":0.0000811382,\"11.575\":0.0000719873,\"11.625\":0.0000744275,\"11.675\":0.0000768677,\"11.725\":0.0000683269,\"11.775\":0.0000646665,\"11.825\":0.0000652766,\"11.875\":0.0000719873,\"11.925\":0.0000634464,\"11.975\":0.0000646665,\"12.025\":0.0000744275,\"12.075\":0.0000945595,\"12.125\":0.0000658866,\"12.175\":0.0000805281,\"12.225\":0.0000750376,\"12.275\":0.0000750376,\"12.325\":0.0000780879,\"12.375\":0.0000616162,\"12.425\":0.0000774778,\"12.475\":0.0000658866,\"12.525\":0.0000744275,\"12.575\":0.0000756476,\"12.625\":0.0000725973,\"12.675\":0.0000707671,\"12.725\":0.0000823583,\"12.775\":0.0000689369,\"12.825\":0.0000823583,\"12.875\":0.0000744275,\"12.925\":0.0000750376,\"12.975\":0.0000768677,\"13.025\":0.0000811382,\"13.075\":0.0000774778,\"13.125\":0.0000799181,\"13.175\":0.0000652766,\"13.225\":0.0000671068,\"13.275\":0.0000719873,\"13.325\":0.0000646665,\"13.375\":0.0000738174,\"13.425\":0.0000841885,\"13.475\":0.0000774778,\"13.525\":0.0000689369,\"13.575\":0.0000725973,\"13.625\":0.0000756476,\"13.675\":0.0000829684,\"13.725\":0.0000725973,\"13.775\":0.0000652766,\"13.825\":0.000069547,\"13.875\":0.0000774778,\"13.925\":0.0000634464,\"13.975\":0.0000683269,\"14.025\":0.0000646665,\"14.075\":0.0000170817,\"14.125\":0.0000036604,\"14.175\":0.0000048805,\"14.225\":0.0000030503,\"14.275\":0.0000030503,\"14.325\":0.0000024402,\"14.375\":0.0000036604,\"14.425\":0.0000024402,\"14.475\":0.0000024402,\"14.525\":0.0000036604,\"14.575\":0.0000030503,\"14.625\":0.0000048805,\"14.675\":0.0000024402,\"14.725\":0.0000067107,\"14.775\":0.0000024402,\"14.825\":0.0000024402,\"14.875\":0.0000030503,\"14.925\":0.0000030503,\"14.975\":0.0000042704,\"15.025\":0.0000048805,\"15.075\":0.0000018302,\"15.125\":0.0000030503,\"15.175\":0.0000012201,\"15.225\":0.0000030503,\"15.275\":0.0000073207}", "type": "errorbar", "yerr": "{\"11.025\":0.0000025883,\"11.075\":0.0000013641,\"11.125\":0.0000016141,\"11.175\":0.0000012201,\"11.225\":0.0000012201,\"11.275\":0.0000013641,\"11.325\":0.0000014943,\"11.375\":0.0000014943,\"11.425\":0.0000014943,\"11.475\":0.0000065422,\"11.525\":0.0000070356,\"11.575\":0.000006627,\"11.625\":0.0000067383,\"11.675\":0.0000068479,\"11.725\":0.0000064563,\"11.775\":0.000006281,\"11.825\":0.0000063105,\"11.875\":0.000006627,\"11.925\":0.0000062214,\"11.975\":0.000006281,\"12.025\":0.0000067383,\"12.075\":0.0000075952,\"12.125\":0.0000063399,\"12.175\":0.0000070091,\"12.225\":0.0000067659,\"12.275\":0.0000067659,\"12.325\":0.0000069021,\"12.375\":0.000006131,\"12.425\":0.000006875,\"12.475\":0.0000063399,\"12.525\":0.0000067383,\"12.575\":0.0000067934,\"12.625\":0.000006655,\"12.675\":0.0000065706,\"12.725\":0.0000070883,\"12.775\":0.000006485,\"12.825\":0.0000070883,\"12.875\":0.0000067383,\"12.925\":0.0000067659,\"12.975\":0.0000068479,\"13.025\":0.0000070356,\"13.075\":0.000006875,\"13.125\":0.0000069825,\"13.175\":0.0000063105,\"13.225\":0.0000063984,\"13.275\":0.000006627,\"13.325\":0.000006281,\"13.375\":0.0000067107,\"13.425\":0.0000071666,\"13.475\":0.000006875,\"13.525\":0.000006485,\"13.575\":0.000006655,\"13.625\":0.0000067934,\"13.675\":0.0000071145,\"13.725\":0.000006655,\"13.775\":0.0000063105,\"13.825\":0.0000065137,\"13.875\":0.000006875,\"13.925\":0.0000062214,\"13.975\":0.0000064563,\"14.025\":0.000006281,\"14.075\":0.0000032281,\"14.125\":0.0000014943,\"14.175\":0.0000017255,\"14.225\":0.0000013641,\"14.275\":0.0000013641,\"14.325\":0.0000012201,\"14.375\":0.0000014943,\"14.425\":0.0000012201,\"14.475\":0.0000012201,\"14.525\":0.0000014943,\"14.575\":0.0000013641,\"14.625\":0.0000017255,\"14.675\":0.0000012201,\"14.725\":0.0000020233,\"14.775\":0.0000012201,\"14.825\":0.0000012201,\"14.875\":0.0000013641,\"14.925\":0.0000013641,\"14.975\":0.0000016141,\"15.025\":0.0000017255,\"15.075\":0.0000010567,\"15.125\":0.0000013641,\"15.175\":0.0000008628,\"15.225\":0.0000013641,\"15.275\":0.0000021133}", "label": "R-Polarisation"}, "C": {"y": 3.7081571526558928e-05, "type": "axh", "label": "Halber mittelwert"}, "B": {"y": "{\"11.025\":0.0000847985,\"11.075\":0.0000176918,\"11.125\":0.0000042704,\"11.175\":0.0000036604,\"11.225\":0.0000030503,\"11.275\":0.0000024402,\"11.325\":0.0000012201,\"11.375\":0.0000018302,\"11.425\":0.0000024402,\"11.475\":0.0000048805,\"11.525\":0.0000091509,\"11.575\":0.0000256226,\"11.625\":0.0000237924,\"11.675\":0.0000280628,\"11.725\":0.0000366037,\"11.775\":0.0000341634,\"11.825\":0.0000457546,\"11.875\":0.0000555156,\"11.925\":0.000039654,\"11.975\":0.0000518552,\"12.025\":0.0000616162,\"12.075\":0.0000573458,\"12.125\":0.0000542955,\"12.175\":0.000050025,\"12.225\":0.0000652766,\"12.275\":0.0000671068,\"12.325\":0.0000713772,\"12.375\":0.0000622263,\"12.425\":0.0000713772,\"12.475\":0.0000664967,\"12.525\":0.0000658866,\"12.575\":0.000069547,\"12.625\":0.0000622263,\"12.675\":0.0000640565,\"12.725\":0.0000664967,\"12.775\":0.0000927293,\"12.825\":0.0000756476,\"12.875\":0.0000738174,\"12.925\":0.0000951696,\"12.975\":0.0000658866,\"13.025\":0.0000677168,\"13.075\":0.0000646665,\"13.125\":0.0000683269,\"13.175\":0.0000658866,\"13.225\":0.0000823583,\"13.275\":0.0000829684,\"13.325\":0.0000811382,\"13.375\":0.0000725973,\"13.425\":0.0000738174,\"13.475\":0.0000744275,\"13.525\":0.0000646665,\"13.575\":0.000069547,\"13.625\":0.0000780879,\"13.675\":0.000079308,\"13.725\":0.0000719873,\"13.775\":0.0000689369,\"13.825\":0.000069547,\"13.875\":0.0000701571,\"13.925\":0.0000677168,\"13.975\":0.0000683269,\"14.025\":0.0000738174,\"14.075\":0.000069547,\"14.125\":0.0000854086,\"14.175\":0.0001329934,\"14.225\":0.0001232324,\"14.275\":0.000089069,\"14.325\":0.0001006601,\"14.375\":0.0000872388,\"14.425\":0.0000677168,\"14.475\":0.0000445345,\"14.525\":0.0000451446,\"14.575\":0.000029283,\"14.625\":0.0000268427,\"14.675\":0.0000213522,\"14.725\":0.0000128113,\"14.775\":0.0000115912,\"14.825\":0.0000091509,\"14.875\":0.0000048805,\"14.925\":0.0000061006,\"14.975\":0.0000061006,\"15.025\":0.0000042704,\"15.075\":0.0000036604,\"15.125\":0.0000030503,\"15.175\":0.0000061006,\"15.225\":0.0000061006,\"15.275\":0.0000012201}", "type": "errorbar",