{
    "111": {
        "A": {
            "y": "{\"0.0\":0.0,\"0.3333333333\":0.1206617794,\"0.6666666667\":0.2413235587,\"1.0\":0.3619853381,\"1.3333333333\":0.4826471175,\"1.6666666667\":0.6033088968,\"2.0\":0.7239706762,\"2.3333333333\":0.8446324556,\"2.6666666667\":0.9652942349,\"3.0\":1.0859560143}", 
            "xlabel": "$\\varrho$ $(10^{12}\\ \\mathrm{cm}^{-3})$", 
            "label": "$n=69$", 
            "type": "plot", 
            "ylabel": "$\\left\\langle N_r\\right\\rangle$"
        }, 
        "C": {
            "y": 1, 
            "type": "axh"
        }, 
        "B": {
            "y": "{\"0.0\":0.0,\"0.3333333333\":1.2516121501,\"0.6666666667\":2.5032243002,\"1.0\":3.7548364502,\"1.3333333333\":5.0064486003,\"1.6666666667\":6.2580607504,\"2.0\":7.5096729005,\"2.3333333333\":8.7612850506,\"2.6666666667\":10.0128972006,\"3.0\":11.2645093507}", 
            "type": "plot", 
            "label": "$n=100$"
        }
    }
}