{
    "121": {
        "A": {
            "num": "a", 
            "xlabel": "Dunkelzeit ($\\mu s$)", 
            "xlim": [
                0.0, 
                8.0
            ], 
            "ylabel": "Ausleseeffizienz", 
            "y": "{\"0.75\":0.0937949204,\"1.45\":0.0874453011,\"2.15\":0.0810956817,\"2.85\":0.0851677202,\"3.55\":0.0866172367,\"4.25\":0.0955203604,\"4.95\":0.0973838357,\"5.65\":0.0788181009,\"6.35\":0.0653597794,\"7.05\":0.065854805}", 
            "type": "errorbar", 
            "ylim": [
                0, 
                0.15
            ], 
            "yerr": "{\"0.75\":0.0026488275,\"1.45\":0.0025508919,\"2.15\":0.0024500585,\"2.85\":0.0025150746,\"3.55\":0.0025379156,\"4.25\":0.0026749816,\"4.95\":0.0027030201,\"5.65\":0.0024131146,\"6.35\":0.0021850744,\"7.05\":0.0022115805}", 
            "label": "R"
        }, 
        "C": {
            "y": "{\"0.05\":0.0519469015,\"0.0851758794\":0.0515646084,\"0.1203517588\":0.0511297861,\"0.1555276382\":0.0506436639,\"0.1907035176\":0.0501075791,\"0.225879397\":0.0495229719,\"0.2610552764\":0.048891382,\"0.2962311558\":0.0482144431,\"0.3314070352\":0.0474938785,\"0.3665829146\":0.0467314964,\"0.401758794\":0.045929184,\"0.4369346734\":0.0450889033,\"0.4721105528\":0.044212685,\"0.5072864322\":0.0433026232,\"0.5424623116\":0.0423608702,\"0.577638191\":0.0413896306,\"0.6128140704\":0.0403911556,\"0.6479899497\":0.0393677374,\"0.6831658291\":0.0383217035,\"0.7183417085\":0.0372554108,\"0.7535175879\":0.0361712398,\"0.7886934673\":0.035071589,\"0.8238693467\":0.0339588689,\"0.8590452261\":0.0328354966,\"0.8942211055\":0.0317038897,\"0.9293969849\":0.0305664611,\"0.9645728643\":0.0294256131,\"0.9997487437\":0.0282837322,\"1.0349246231\":0.0271431837,\"1.0701005025\":0.0260063061,\"1.1052763819\":0.0248754066,\"1.1404522613\":0.0237527553,\"1.1756281407\":0.0226405809,\"1.2108040201\":0.0215410659,\"1.2459798995\":0.0204563417,\"1.2811557789\":0.0193884845,\"1.3163316583\":0.0183395109,\"1.3515075377\":0.0173113739,\"1.3866834171\":0.0163059592,\"1.4218592965\":0.0153250812,\"1.4570351759\":0.0143704798,\"1.4922110553\":0.013443817,\"1.5273869347\":0.012546674,\"1.5625628141\":0.0116805484,\"1.5977386935\":0.0108468514,\"1.6329145729\":0.0100469055,\"1.6680904523\":0.0092819425,\"1.7032663317\":0.0085531015,\"1.7384422111\":0.0078614274,\"1.7736180905\":0.007207869,\"1.8087939698\":0.0065932784,\"1.8439698492\":0.0060184097,\"1.8791457286\":0.0054839182,\"1.914321608\":0.0049903602,\"1.9494974874\":0.0045381927,\"1.9846733668\":0.0041277731,\"2.0198492462\":0.0037593598,\"2.0550251256\":0.0034331122,\"2.090201005\":0.0031490919,\"2.1253768844\":0.0029072631,\"2.1605527638\":0.0027074941,\"2.1957286432\":0.0025495583,\"2.2309045226\":0.0024331358,\"2.266080402\":0.0023578154,\"2.3012562814\":0.002323096,\"2.3364321608\":0.0023283892,\"2.3716080402\":0.0023730211,\"2.4067839196\":0.0024562354,\"2.441959799\":0.0025771953,\"2.4771356784\":0.0027349869,\"2.5123115578\":0.0029286214,\"2.5474874372\":0.0031570392,\"2.5826633166\":0.0034191122,\"2.617839196\":0.0037136474,\"2.6530150754\":0.0040393905,\"2.6881909548\":0.0043950294,\"2.7233668342\":0.0047791977,\"2.7585427136\":0.0051904786,\"2.793718593\":0.0056274086,\"2.8288944724\":0.0060884812,\"2.8640703518\":0.0065721515,\"2.8992462312\":0.0070768394,\"2.9344221106\":0.007600934,\"2.9695979899\":0.0081427977,\"3.0047738693\":0.0087007701,\"3.0399497487\":0.0092731722,\"3.0751256281\":0.0098583106,\"3.1103015075\":0.0104544811,\"3.1454773869\":0.0110599733,\"3.1806532663\":0.0116730744,\"3.2158291457\":0.0122920731,\"3.2510050251\":0.0129152637,\"3.2861809045\":0.0135409498,\"3.3213567839\":0.0141674483,\"3.3565326633\":0.0147930933,\"3.3917085427\":0.0154162393,\"3.4268844221\":0.0160352652,\"3.4620603015\":0.0166485776,\"3.4972361809\":0.0172546144,\"3.5324120603\":0.0178518476,\"3.5675879397\":0.0184387872,\"3.6027638191\":0.0190139837,\"3.6379396985\":0.0195760311,\"3.6731155779\":0.0201235698,\"3.7082914573\":0.0206552894,\"3.7434673367\":0.0211699309,\"3.7786432161\":0.0216662892,\"3.8138190955\":0.0221432153,\"3.8489949749\":0.0225996186,\"3.8841708543\":0.0230344684,\"3.9193467337\":0.0234467958,\"3.9545226131\":0.0238356955,\"3.9896984925\":0.0242003271,\"4.0248743719\":0.024539916,\"4.0600502513\":0.0248537551,\"4.0952261307\":0.0251412054,\"4.1304020101\":0.0254016967,\"4.1655778894\":0.0256347282,\"4.2007537688\":0.0258398692,\"4.2359296482\":0.0260167589,\"4.2711055276\":0.026165107,\"4.306281407\":0.0262846931,\"4.3414572864\":0.026375367,\"4.3766331658\":0.0264370477,\"4.4118090452\":0.0264697235,\"4.4469849246\":0.0264734508,\"4.482160804\":0.0264483535,\"4.5173366834\":0.0263946217,\"4.5525125628\":0.0263125111,\"4.5876884422\":0.026202341,\"4.6228643216\":0.0260644937,\"4.658040201\":0.025899412,\"4.6932160804\":0.0257075984,\"4.7283919598\":0.0254896128,\"4.7635678392\":0.0252460707,\"4.7987437186\":0.0249776413,\"4.833919598\":0.0246850451,\"4.8690954774\":0.0243690521,\"4.9042713568\":0.024030479,\"4.9394472362\":0.0236701872,\"4.9746231156\":0.0232890802,\"5.009798995\":0.022888101,\"5.0449748744\":0.0224682295,\"5.0801507538\":0.02203048,\"5.1153266332\":0.0215758982,\"5.1505025126\":0.0211055586,\"5.185678392\":0.0206205619,\"5.2208542714\":0.0201220317,\"5.2560301508\":0.019611112,\"5.2912060302\":0.0190889643,\"5.3263819095\":0.0185567645,\"5.3615577889\":0.0180157005,\"5.3967336683\":0.0174669687,\"5.4319095477\":0.0169117714,\"5.4670854271\":0.0163513142,\"5.5022613065\":0.0157868028,\"5.5374371859\":0.0152194403,\"5.5726130653\":0.0146504247,\"5.6077889447\":0.0140809456,\"5.6429648241\":0.0135121821,\"5.6781407035\":0.0129453,\"5.7133165829\":0.012381449,\"5.7484924623\":0.0118217606,\"5.7836683417\":0.0112673453,\"5.8188442211\":0.0107192904,\"5.8540201005\":0.0101786577,\"5.8891959799\":0.0096464816,\"5.9243718593\":0.0091237663,\"5.9595477387\":0.0086114846,\"5.9947236181\":0.0081105751,\"6.0298994975\":0.0076219414,\"6.0650753769\":0.0071464494,\"6.1002512563\":0.0066849264,\"6.1354271357\":0.006238159,\"6.1706030151\":0.0058068924,\"6.2057788945\":0.0053918283,\"6.2409547739\":0.0049936245,\"6.2761306533\":0.0046128933,\"6.3113065327\":0.0042502008,\"6.3464824121\":0.0039060659,\"6.3816582915\":0.0035809597,\"6.4168341709\":0.0032753052,\"6.4520100503\":0.0029894762,\"6.4871859296\":0.0027237975,\"6.522361809\":0.0024785443,\"6.5575376884\":0.0022539423,\"6.5927135678\":0.0020501676,\"6.6278894472\":0.001867347,\"6.6630653266\":0.0017055578,\"6.698241206\":0.0015648286,\"6.7334170854\":0.0014451395,\"6.7685929648\":0.0013464226,\"6.8037688442\":0.001268563,\"6.8389447236\":0.0012113991,\"6.874120603\":0.0011747238,\"6.9092964824\":0.0011582853,\"6.9444723618\":0.0011617882,\"6.9796482412\":0.0011848948,\"7.0148241206\":0.0012272259,\"7.05\":0.0012883626}", 
            "type": "plot"
        }, 
        "B": {
            "y": "{\"0.75\":0.038021466,\"1.45\":0.0101317947,\"2.15\":0.006500327,\"2.85\":0.0070813619,\"3.55\":0.011221254,\"4.25\":0.0301774959,\"4.95\":0.0256744761,\"5.65\":0.0094781305,\"6.35\":0.0049751191,\"7.05\":0.0041373758}", 
            "type": "errorbar", 
            "yerr": "{\"0.75\":0.0011948503,\"1.45\":0.0006093154,\"2.15\":0.0004872669,\"2.85\":0.0005087094,\"3.55\":0.0006415486,\"4.25\":0.0010608722,\"4.95\":0.0009766061,\"5.65\":0.0005891618,\"6.35\":0.0004259973,\"7.05\":0.0003916553}", 
            "label": "L"
        }
    }, 
    "122": {
        "A": {
            "num": "b", 
            "xlabel": "Dunkelzeit ($\\mu s$)", 
            "xlim": [
                0.0, 
                8.0
            ], 
            "ylabel": "Azimuth (rad)", 
            "y": "{\"0.75\":-2.2324325275,\"1.45\":-1.3985549222,\"2.15\":-0.5538756701,\"2.85\":0.6575981263,\"3.55\":1.8953767986,\"4.25\":1.8904211793,\"4.95\":1.6169836202,\"5.65\":1.6860715831,\"6.35\":2.8789978378,\"7.05\":3.8444545383}", 
            "type": "errorbar",