{
    "224": {
        "A": {
            "type": "errorbar", 
            "label": "L", 
            "num": "d", 
            "ylabel": "Z\\\"ahlrate", 
            "y": "{\"4.115\":0.0,\"4.145\":0.2779167361,\"4.175\":0.0,\"4.205\":0.1389583681,\"4.235\":0.6947918404,\"4.265\":13.2010449669,\"4.295\":16.9529209049,\"4.325\":10.5608359735,\"4.355\":9.0322939247,\"4.385\":10.4218776055,\"4.415\":9.0322939247,\"4.445\":6.8089600356,\"4.475\":7.2258351398,\"4.505\":5.697293091,\"4.535\":3.6129175699,\"4.565\":3.0570840976,\"4.595\":0.5558334723,\"4.625\":1.8064587849,\"4.655\":0.4168751042,\"4.685\":0.4168751042,\"4.715\":0.0,\"4.745\":0.2779167361,\"4.775\":0.2779167361,\"4.805\":0.1389583681,\"4.835\":0.0,\"4.865\":0.1389583681,\"4.895\":0.1389583681,\"4.925\":0.1389583681,\"4.955\":0.1389583681,\"4.985\":0.1389583681}", 
            "margin": [
                0, 
                0.1
            ], 
            "yerr": "{\"4.115\":0.1389583681,\"4.145\":0.1965168087,\"4.175\":0.1389583681,\"4.205\":0.1389583681,\"4.235\":0.3107203571,\"4.265\":1.3543986361,\"4.295\":1.5348453417,\"4.325\":1.2114109676,\"4.355\":1.1203181797,\"4.385\":1.2034147682,\"4.415\":1.1203181797,\"4.445\":0.9727085765,\"4.475\":1.0020430425,\"4.505\":0.8897676946,\"4.535\":0.7085514304,\"4.565\":0.6517725196,\"4.595\":0.2779167361,\"4.625\":0.5010215212,\"4.655\":0.2406829536,\"4.685\":0.2406829536,\"4.715\":0.1389583681,\"4.745\":0.1965168087,\"4.775\":0.1965168087,\"4.805\":0.1389583681,\"4.835\":0.1389583681,\"4.865\":0.1389583681,\"4.895\":0.1389583681,\"4.925\":0.1389583681,\"4.955\":0.1389583681,\"4.985\":0.1389583681}"
        }, 
        "B": {
            "y": "{\"4.115\":0.1389583681,\"4.145\":0.0,\"4.175\":0.0,\"4.205\":0.0,\"4.235\":0.2779167361,\"4.265\":0.2779167361,\"4.295\":0.1389583681,\"4.325\":0.0,\"4.355\":0.0,\"4.385\":0.1389583681,\"4.415\":0.1389583681,\"4.445\":0.4168751042,\"4.475\":0.0,\"4.505\":0.1389583681,\"4.535\":0.2779167361,\"4.565\":0.0,\"4.595\":0.2779167361,\"4.625\":0.0,\"4.655\":0.1389583681,\"4.685\":0.1389583681,\"4.715\":0.0,\"4.745\":0.0,\"4.775\":0.0,\"4.805\":0.0,\"4.835\":0.0,\"4.865\":0.0,\"4.895\":0.1389583681,\"4.925\":0.0,\"4.955\":0.0,\"4.985\":0.1389583681}", 
            "type": "errorbar", 
            "yerr": "{\"4.115\":0.1389583681,\"4.145\":0.1389583681,\"4.175\":0.1389583681,\"4.205\":0.1389583681,\"4.235\":0.1965168087,\"4.265\":0.1965168087,\"4.295\":0.1389583681,\"4.325\":0.1389583681,\"4.355\":0.1389583681,\"4.385\":0.1389583681,\"4.415\":0.1389583681,\"4.445\":0.2406829536,\"4.475\":0.1389583681,\"4.505\":0.1389583681,\"4.535\":0.1965168087,\"4.565\":0.1389583681,\"4.595\":0.1965168087,\"4.625\":0.1389583681,\"4.655\":0.1389583681,\"4.685\":0.1389583681,\"4.715\":0.1389583681,\"4.745\":0.1389583681,\"4.775\":0.1389583681,\"4.805\":0.1389583681,\"4.835\":0.1389583681,\"4.865\":0.1389583681,\"4.895\":0.1389583681,\"4.925\":0.1389583681,\"4.955\":0.1389583681,\"4.985\":0.1389583681}", 
            "label": "R"
        }
    }, 
    "223": {
        "A": {
            "type": "errorbar", 
            "label": "L", 
            "num": "c", 
            "ylabel": "Z\\\"ahlrate", 
            "y": "{\"-0.685\":0.8337502084,\"-0.6539285714\":0.0,\"-0.6228571429\":0.8337502084,\"-0.5917857143\":2.5012506253,\"-0.5607142857\":2.5012506253,\"-0.5296428571\":5.8362514591,\"-0.4985714286\":11.6725029181,\"-0.4675\":20.8437552109,\"-0.4364285714\":29.1812572953,\"-0.4053571429\":47.5237618809,\"-0.3742857143\":50.0250125063,\"-0.3432142857\":79.2062698016,\"-0.3121428571\":112.5562781391,\"-0.2810714286\":129.2312823078,\"-0.25\":142.5712856428,\"-0.2189285714\":149.2412873103,\"-0.1878571429\":171.7525429381,\"-0.1567857143\":199.2662998166,\"-0.1257142857\":245.9563114891,\"-0.0946428571\":240.9538102385,\"-0.0635714286\":274.303818576,\"-0.0325\":177.5887943972,\"-0.0014285714\":26.68000667,\"0.0296428571\":0.8337502084,\"0.0607142857\":0.0,\"0.0917857143\":0.8337502084,\"0.1228571429\":0.0,\"0.1539285714\":0.0,\"0.185\":0.0}", 
            "margin": [
                0, 
                0.1
            ], 
            "yerr": "{\"-0.685\":0.8337502084,\"-0.6539285714\":0.8337502084,\"-0.6228571429\":0.8337502084,\"-0.5917857143\":1.4440977218,\"-0.5607142857\":1.4440977218,\"-0.5296428571\":2.2058957071,\"-0.4985714286\":3.1196076261,\"-0.4675\":4.1687510422,\"-0.4364285714\":4.9325327523,\"-0.4053571429\":6.2946760341,\"-0.3742857143\":6.4582013444,\"-0.3432142857\":8.1263918166,\"-0.3121428571\":9.6873020165,\"-0.2810714286\":10.3801063848,\"-0.25\":10.9026987082,\"-0.2189285714\":11.1548175423,\"-0.1878571429\":11.9665666954,\"-0.1567857143\":12.8894654275,\"-0.1257142857\":14.3201300961,\"-0.0946428571\":14.1737535434,\"-0.0635714286\":15.1228590522,\"-0.0325\":12.1681836913,\"-0.0014285714\":4.7164034096,\"0.0296428571\":0.8337502084,\"0.0607142857\":0.8337502084,\"0.0917857143\":0.8337502084,\"0.1228571429\":0.8337502084,\"0.1539285714\":0.8337502084,\"0.185\":0.8337502084}"
        }, 
        "B": {
            "y": "{\"-0.685\":0.8337502084,\"-0.6539285714\":0.0,\"-0.6228571429\":0.0,\"-0.5917857143\":0.0,\"-0.5607142857\":0.0,\"-0.5296428571\":0.0,\"-0.4985714286\":0.0,\"-0.4675\":0.0,\"-0.4364285714\":0.8337502084,\"-0.4053571429\":1.6675004169,\"-0.3742857143\":1.6675004169,\"-0.3432142857\":0.0,\"-0.3121428571\":0.8337502084,\"-0.2810714286\":2.5012506253,\"-0.25\":0.8337502084,\"-0.2189285714\":0.8337502084,\"-0.1878571429\":1.6675004169,\"-0.1567857143\":3.3350008338,\"-0.1257142857\":1.6675004169,\"-0.0946428571\":0.0,\"-0.0635714286\":0.0,\"-0.0325\":1.6675004169,\"-0.0014285714\":0.8337502084,\"0.0296428571\":0.0,\"0.0607142857\":0.0,\"0.0917857143\":0.0,\"0.1228571429\":0.0,\"0.1539285714\":0.0,\"0.185\":0.0}", 
            "type": "errorbar", 
            "yerr": "{\"-0.685\":0.8337502084,\"-0.6539285714\":0.8337502084,\"-0.6228571429\":0.8337502084,\"-0.5917857143\":0.8337502084,\"-0.5607142857\":0.8337502084,\"-0.5296428571\":0.8337502084,\"-0.4985714286\":0.8337502084,\"-0.4675\":0.8337502084,\"-0.4364285714\":0.8337502084,\"-0.4053571429\":1.1791008524,\"-0.3742857143\":1.1791008524,\"-0.3432142857\":0.8337502084,\"-0.3121428571\":0.8337502084,\"-0.2810714286\":1.4440977218,\"-0.25\":0.8337502084,\"-0.2189285714\":0.8337502084,\"-0.1878571429\":1.1791008524,\"-0.1567857143\":1.6675004169,\"-0.1257142857\":1.1791008524,\"-0.0946428571\":0.8337502084,\"-0.0635714286\":0.8337502084,\"-0.0325\":1.1791008524,\"-0.0014285714\":0.8337502084,\"0.0296428571\":0.8337502084,\"0.0607142857\":0.8337502084,\"0.0917857143\":0.8337502084,\"0.1228571429\":0.8337502084,\"0.1539285714\":0.8337502084,\"0.185\":0.8337502084}", 
            "label": "R"
        }
    }, 
    "222": {
        "A": {
            "type": "errorbar", 
            "label": "L", 
            "num": "b", 
            "ylabel": "Z\\\"ahlrate", 
            "y": "{\"4.075\":0.0769615577,\"4.1267857143\":0.0,\"4.1785714286\":0.0769615577,\"4.2303571429\":0.1924038943,\"4.2821428571\":0.3463270097,\"4.3339285714\":0.1924038943,\"4.3857142857\":0.3078462308,\"4.4375\":0.3463270097,\"4.4892857143\":0.269365452,\"4.5410714286\":0.1154423366,\"4.5928571429\":0.2308846731,\"4.6446428571\":0.2308846731,\"4.6964285714\":0.2308846731,\"4.7482142857\":0.3078462308,\"4.8\":0.1539231154,\"4.8517857143\":0.1539231154,\"4.9035714286\":0.2308846731,\"4.9553571429\":0.2308846731,\"5.0071428571\":0.269365452,\"5.0589285714\":0.1539231154,\"5.1107142857\":0.0769615577,\"5.1625\":0.1924038943,\"5.2142857143\":0.1539231154,\"5.2660714286\":0.0384807789,\"5.3178571429\":0.0,\"5.3696428571\":0.0,\"5.4214285714\":0.0769615577,\"5.4732142857\":0.0384807789,\"5.525\":0.0769615577}", 
            "margin": [
                0, 
                0.1
            ],